path,sha256,bytes,parameter_count,declared_model
model/parameters/abc-gfed4.1s/A.json,ed6c9218c12af0a79c30a3d5fc677eb6111b6873bb68704dbe9d17908f468bf1,1257,27,Model A v8 — v7 + LAI fuel
model/parameters/abc-gfed4.1s/B.json,23c5a733c80273a3bd0ba579124cb0777f9e06649698a0690f73f58f1dc71050,1058,17,Model B (Shapley-reduced from v8)
model/parameters/abc-gfed4.1s/C.json,ac89555bc378ecd1ae96e469d1be785f515464713ce771c2a2379a0ca18ac6ca,852,12,Model C (Shapley-reduced from v8)
model/parameters/coupled-gfed5/gdp_regional_gamma.json,ecd30a98d8eb2b792b67a7b25c5c41a9bd260bc080a6168d942003d5597c81a1,345,,
model/parameters/coupled-gfed5/params.G_Africa.json,96b78b946c6ba441444ff75836bcfe6b6ba7d1ce6a7032acd1f16c2a1b98a725,1554,12,Model C (coupled-consistent retune; drivers + GPP from Lei's ED dump; GFED5 target)
model/parameters/coupled-gfed5/params.G_Africa.k1.json,faebb2c7a63ba6f7498d05a3ef42d1bc04b91efc4d3acc357ce4d94d0781f2a0,1670,12,Model C (coupled-consistent retune; drivers + GPP from Lei's ED dump; GFED5 target)
model/parameters/coupled-gfed5/params.G_Africa.k2.json,b6862977e6e5de65eee27e089ba140991a7a49c1d5b81a0cebab23086f0d3520,1672,12,Model C (coupled-consistent retune; drivers + GPP from Lei's ED dump; GFED5 target)
model/parameters/coupled-gfed5/params.G_Africa.k3.json,0423915a9e6a23b83ba9ad3a84be67bc39722ec56ee894e9ebba6d62e2a04855,1677,12,Model C (coupled-consistent retune; drivers + GPP from Lei's ED dump; GFED5 target)
model/parameters/coupled-gfed5/params.G_Africa.k4.json,229d3597c58a3062a6119f8c24503b84f3abd6bfd1f58c41fb0dc460aabaa458,1677,12,Model C (coupled-consistent retune; drivers + GPP from Lei's ED dump; GFED5 target)
model/parameters/coupled-gfed5/params.G_Africa.k5.json,9b66ba1be298c67f971f4e4db0862e053447e481f1002ba5658f1c4a51abaf75,1676,12,Model C (coupled-consistent retune; drivers + GPP from Lei's ED dump; GFED5 target)
model/parameters/coupled-gfed5/params.G_Australia.json,e46b1f5c5918b7903867eae4a0c62d79a702685594bbf9bc77e6afebdebf0d4b,1558,12,Model C (coupled-consistent retune; drivers + GPP from Lei's ED dump; GFED5 target)
model/parameters/coupled-gfed5/params.G_Australia.k1.json,088826ac92ea909c67d193f1afbeccc76baf2a4867f8b25c4031d77e2acce074,1675,12,Model C (coupled-consistent retune; drivers + GPP from Lei's ED dump; GFED5 target)
model/parameters/coupled-gfed5/params.G_Australia.k2.json,228665c7c9af339c4d83719c12fe2333826d32d1c50fa678a34dcb2cddfa037f,1672,12,Model C (coupled-consistent retune; drivers + GPP from Lei's ED dump; GFED5 target)
model/parameters/coupled-gfed5/params.G_Australia.k3.json,da86fb0cfd37e4dce2b00c671e1865c8df82b77cf8c2febcc01f2197b2169d91,1665,12,Model C (coupled-consistent retune; drivers + GPP from Lei's ED dump; GFED5 target)
model/parameters/coupled-gfed5/params.G_Australia.k4.json,ccc92b83e3289322608a903b2d9918accaec465f9e3adaadb2864f2782af6f6a,1672,12,Model C (coupled-consistent retune; drivers + GPP from Lei's ED dump; GFED5 target)
model/parameters/coupled-gfed5/params.G_Australia.k5.json,73493d46e0ca1dd3002dd0b4b14f6beb2a960aae63886a896331a22334ac7c18,1673,12,Model C (coupled-consistent retune; drivers + GPP from Lei's ED dump; GFED5 target)
model/parameters/coupled-gfed5/params.G_Boreal.json,d74a92a6d3a7a8e2d516891634e8b4b3ede8561ad958624c94fa29fabac34384,1555,12,Model C (coupled-consistent retune; drivers + GPP from Lei's ED dump; GFED5 target)
model/parameters/coupled-gfed5/params.G_Boreal.k1.json,2f6c663eee3aace35afeabbe0b8dbd1935223578b1b1a35f7cc1b597c1f47fbc,1672,12,Model C (coupled-consistent retune; drivers + GPP from Lei's ED dump; GFED5 target)
model/parameters/coupled-gfed5/params.G_Boreal.k2.json,7727db30e750cf5dd4695736740cd260385e6984ea9ac8dbd4986ecb97cd4333,1669,12,Model C (coupled-consistent retune; drivers + GPP from Lei's ED dump; GFED5 target)
model/parameters/coupled-gfed5/params.G_Boreal.k3.json,7ee8477c33fbb0b052b3bc0e301b73cfa4c41bb0ce7aa052693201bb517d6c5a,1672,12,Model C (coupled-consistent retune; drivers + GPP from Lei's ED dump; GFED5 target)
model/parameters/coupled-gfed5/params.G_Boreal.k4.json,4bd5283376b3a8100a74e4fa641b579daa9120a93b4f9e890f13051e3ee65e55,1672,12,Model C (coupled-consistent retune; drivers + GPP from Lei's ED dump; GFED5 target)
model/parameters/coupled-gfed5/params.G_Boreal.k5.json,7c51a6da800d942f87e47b2fafb10db8e99d9ff0b4de2285ce5c833de15b6f43,1671,12,Model C (coupled-consistent retune; drivers + GPP from Lei's ED dump; GFED5 target)
model/parameters/coupled-gfed5/params.G_Europe.json,5be1fafc687841b55ca5fbd18106c0bbce9540117ae8b767bac7c93751571e1a,1561,12,Model C (coupled-consistent retune; drivers + GPP from Lei's ED dump; GFED5 target)
model/parameters/coupled-gfed5/params.G_Europe.k1.json,c232c5cfc416ecb7cd4e15c31c737535e69ff8561c209c7d46d0f28f19946d9b,1677,12,Model C (coupled-consistent retune; drivers + GPP from Lei's ED dump; GFED5 target)
model/parameters/coupled-gfed5/params.G_Europe.k2.json,18abe51521e2a0741066f48f0936b5086b753cd9d307cbe9ed6c05a48f6bf5f4,1677,12,Model C (coupled-consistent retune; drivers + GPP from Lei's ED dump; GFED5 target)
model/parameters/coupled-gfed5/params.G_Europe.k3.json,877e4ec19aa02ec28530725583626d5a531b4e30f466018abc6e876e2a319a67,1678,12,Model C (coupled-consistent retune; drivers + GPP from Lei's ED dump; GFED5 target)
model/parameters/coupled-gfed5/params.G_Europe.k4.json,e3948c5bbee894134dfe0c7c8c411d8be90b197292ff19f813cd1f5bf02a99c6,1676,12,Model C (coupled-consistent retune; drivers + GPP from Lei's ED dump; GFED5 target)
model/parameters/coupled-gfed5/params.G_Europe.k5.json,9039536f6ed41a073215be3c0e833378ec004275336a0ae41e01b2cb6ff6a0e9,1671,12,Model C (coupled-consistent retune; drivers + GPP from Lei's ED dump; GFED5 target)
model/parameters/coupled-gfed5/params.G_NAmerica.json,35edf5623f7c23580a4f0dfcd77226b194fb784ecf5a0139c0ddb79453bcda24,1557,12,Model C (coupled-consistent retune; drivers + GPP from Lei's ED dump; GFED5 target)
model/parameters/coupled-gfed5/params.G_NAmerica.k1.json,8297ba82199647d3ae7187e28baf53ad9c55b0154ac2ff2741365beadd06a68e,1673,12,Model C (coupled-consistent retune; drivers + GPP from Lei's ED dump; GFED5 target)
model/parameters/coupled-gfed5/params.G_NAmerica.k2.json,e2b9b13b98238f04aac3f3e365581b421ace4beb504cf831ab2dab61839cb308,1675,12,Model C (coupled-consistent retune; drivers + GPP from Lei's ED dump; GFED5 target)
model/parameters/coupled-gfed5/params.G_NAmerica.k3.json,4d63ae3c79a997744b80a7cbe04b69471742d4f21bf49cde235eb71e1930f0b0,1674,12,Model C (coupled-consistent retune; drivers + GPP from Lei's ED dump; GFED5 target)
model/parameters/coupled-gfed5/params.G_NAmerica.k4.json,e08a197758fbcaff5b91025734470eeb43fa27c9e5e584308ef06975533e051e,1675,12,Model C (coupled-consistent retune; drivers + GPP from Lei's ED dump; GFED5 target)
model/parameters/coupled-gfed5/params.G_SAmerica.json,ab656cb5582cd4de23003d666a538aa7ab8c53ec1bf7868889d4e205f9f0f3f1,1561,12,Model C (coupled-consistent retune; drivers + GPP from Lei's ED dump; GFED5 target)
model/parameters/coupled-gfed5/params.G_SAmerica.k1.json,a902dd2ec835409557c1043048c30ac0254c3335c020001bf17bb1e49068c14e,1678,12,Model C (coupled-consistent retune; drivers + GPP from Lei's ED dump; GFED5 target)
model/parameters/coupled-gfed5/params.G_SAmerica.k2.json,947770d94d707ace584c103e612aa7dd9c64bf9e47a5adb46f0c8dfdef2b870e,1671,12,Model C (coupled-consistent retune; drivers + GPP from Lei's ED dump; GFED5 target)
model/parameters/coupled-gfed5/params.G_SAmerica.k3.json,9ff617e0821307dd8d5210bb5057e617f2e6db111e366a41373e861721c6173d,1681,12,Model C (coupled-consistent retune; drivers + GPP from Lei's ED dump; GFED5 target)
model/parameters/coupled-gfed5/params.G_SAmerica.k4.json,64a4625eef6b32a10077e6f12c9d22c67f01cfe13bda9a4e390bc59c95bf4557,1678,12,Model C (coupled-consistent retune; drivers + GPP from Lei's ED dump; GFED5 target)
model/parameters/coupled-gfed5/params.G_SAmerica.k5.json,e18fa13d658b1f9ae52d89f5a5171d738c2f4398c35edcc02bd5bd628d1b9e59,1680,12,Model C (coupled-consistent retune; drivers + GPP from Lei's ED dump; GFED5 target)
model/parameters/coupled-gfed5/params.G_SEAsia.json,f2c693b3720910b895f75f2733b30eb2cd49cbd7f73273c821c104479a9b3eb8,1561,12,Model C (coupled-consistent retune; drivers + GPP from Lei's ED dump; GFED5 target)
model/parameters/coupled-gfed5/params.G_SEAsia.k1.json,2f47b98eef8032c0ce121e894aa5a9c59f9a70cffee89f427baba32c49c601e8,1677,12,Model C (coupled-consistent retune; drivers + GPP from Lei's ED dump; GFED5 target)
model/parameters/coupled-gfed5/params.G_SEAsia.k2.json,9d87fd8818f526e949f870e99e90b75a75c71d8e03b392a782b40c94285e1a62,1672,12,Model C (coupled-consistent retune; drivers + GPP from Lei's ED dump; GFED5 target)
model/parameters/coupled-gfed5/params.G_SEAsia.k3.json,96d8ce1073995560412ef075813b7ef3ade4fa4b49d7fd37284bc3b763888e71,1675,12,Model C (coupled-consistent retune; drivers + GPP from Lei's ED dump; GFED5 target)
model/parameters/coupled-gfed5/params.Gsmoke.k1.json,33a6646bc505d92e302e237f6c6fa92c08cc2983fa116f8263616d19063d5c45,1666,12,Model C (coupled-consistent retune; drivers + GPP from Lei's ED dump; GFED5 target)
model/parameters/coupled-gfed5/params.Gtrop_Africa.json,b8aa529193abcbdedd2998b32812ae7ca4c04f2f405c0335cbe3088effbd0335,1633,14,Model C (coupled-consistent retune; drivers + GPP from Lei's ED dump; GFED5 target)
model/parameters/coupled-gfed5/params.Gtrop_Africa.k1.json,faf614af74ed6c7c4af3e0730df7e6ccdd82a493365d92aea523474df920b2b6,1750,14,Model C (coupled-consistent retune; drivers + GPP from Lei's ED dump; GFED5 target)
model/parameters/coupled-gfed5/params.Gtrop_Africa.k2.json,0182b692a4418689ab273990f4f39fe42fcdb1473290a1f87985e1c4bb047a0b,1748,14,Model C (coupled-consistent retune; drivers + GPP from Lei's ED dump; GFED5 target)
model/parameters/coupled-gfed5/params.Gtrop_Africa.k3.json,26c769b42df581c12dc529b7a1e832e6e2751ca47f934dc6bae125b18e9af449,1749,14,Model C (coupled-consistent retune; drivers + GPP from Lei's ED dump; GFED5 target)
model/parameters/coupled-gfed5/params.Gtrop_Africa.k4.json,8de552ff287d9329279fe6a762c509ee4229399c891a13fc243fcc2e031b9979,1746,14,Model C (coupled-consistent retune; drivers + GPP from Lei's ED dump; GFED5 target)
model/parameters/coupled-gfed5/params.Gtrop_Africa.k5.json,3128be5602645ce55f3e4c326eaa4f69018fa96671e7e117208d9e072692954e,1747,14,Model C (coupled-consistent retune; drivers + GPP from Lei's ED dump; GFED5 target)
model/parameters/coupled-gfed5/params.Gtrop_Australia.json,878c7722ca95e9764384b4f97355d4fa258ef92d2e0e1337c379787e9ed8d8b3,1628,14,Model C (coupled-consistent retune; drivers + GPP from Lei's ED dump; GFED5 target)
model/parameters/coupled-gfed5/params.Gtrop_Australia.k1.json,dbd82d60558b8bc6eb6dcf41591207eb6fe705ed9b644b1c999727b244c05d81,1745,14,Model C (coupled-consistent retune; drivers + GPP from Lei's ED dump; GFED5 target)
model/parameters/coupled-gfed5/params.Gtrop_Australia.k2.json,878efb38c4f7c8176fc56a4f0f12542fd2742a6919bb1b94c4357d53fc183182,1745,14,Model C (coupled-consistent retune; drivers + GPP from Lei's ED dump; GFED5 target)
model/parameters/coupled-gfed5/params.Gtrop_Australia.k3.json,f6355c97f950fff0d98c20f5996fb9e6598f634a46b8d351b6c35dabb8a34421,1750,14,Model C (coupled-consistent retune; drivers + GPP from Lei's ED dump; GFED5 target)
model/parameters/coupled-gfed5/params.Gtrop_Australia.k4.json,b5345079326d786e75b64755f7eddb027b4bb8aa0cc33f87fcb6c2a7a41f262e,1751,14,Model C (coupled-consistent retune; drivers + GPP from Lei's ED dump; GFED5 target)
model/parameters/coupled-gfed5/params.Gtrop_Australia.k5.json,508605e454b76a0832bb669ddf9d0f1683666b85023b01fb57cf9f7255710c34,1750,14,Model C (coupled-consistent retune; drivers + GPP from Lei's ED dump; GFED5 target)
model/parameters/coupled-gfed5/params.Gtrop_Boreal.json,324796af3c7dbc3f095f3c47228a715099baef37d47e09dbb3f62510b60dd8be,1628,14,Model C (coupled-consistent retune; drivers + GPP from Lei's ED dump; GFED5 target)
model/parameters/coupled-gfed5/params.Gtrop_Boreal.k1.json,9d3251b2b1fc6bb573e4cfc296aa6b8f943325f9b44ffe715c542ce1acf04da8,1745,14,Model C (coupled-consistent retune; drivers + GPP from Lei's ED dump; GFED5 target)
model/parameters/coupled-gfed5/params.Gtrop_Boreal.k2.json,c15f00c4af4cacf5f04dbc0b153688ae64a4adb29524e7d86b429174960a3867,1748,14,Model C (coupled-consistent retune; drivers + GPP from Lei's ED dump; GFED5 target)
model/parameters/coupled-gfed5/params.Gtrop_Boreal.k3.json,dd0d00e4e5ac2fee3b968fb21eb3dd405a190a9d6ba4ad25ac476e7d8553df73,1747,14,Model C (coupled-consistent retune; drivers + GPP from Lei's ED dump; GFED5 target)
model/parameters/coupled-gfed5/params.Gtrop_Boreal.k4.json,ef70f810580d72ba1323489c3f7af3037b107617f8f35dee79f651ab82aa3e39,1746,14,Model C (coupled-consistent retune; drivers + GPP from Lei's ED dump; GFED5 target)
model/parameters/coupled-gfed5/params.Gtrop_Boreal.k5.json,49a05023676774599aa71764ceb0d3e8296b9105f822d4e156243b6503b18b3c,1748,14,Model C (coupled-consistent retune; drivers + GPP from Lei's ED dump; GFED5 target)
model/parameters/coupled-gfed5/params.Gtrop_Europe.json,4d3f7985fbfe00bd48d0e8f691d5c3114dbe8ce3b0bc92a1e323b5dff2cacf48,1636,14,Model C (coupled-consistent retune; drivers + GPP from Lei's ED dump; GFED5 target)
model/parameters/coupled-gfed5/params.Gtrop_Europe.k1.json,2f83416ffcc6468195e2b82f662f00dc84cc826408127af7db05dcb2d5dc9d53,1753,14,Model C (coupled-consistent retune; drivers + GPP from Lei's ED dump; GFED5 target)
model/parameters/coupled-gfed5/params.Gtrop_Europe.k2.json,776c649a113159cbf6bbf4b470fcc7a036d8920b6bf0d5da0efda78ebaa830bc,1753,14,Model C (coupled-consistent retune; drivers + GPP from Lei's ED dump; GFED5 target)
model/parameters/coupled-gfed5/params.Gtrop_Europe.k3.json,f03fe9e8e9b97086450944e5dc830cac42b101854a1c8d2618da8b157092caa5,1757,14,Model C (coupled-consistent retune; drivers + GPP from Lei's ED dump; GFED5 target)
model/parameters/coupled-gfed5/params.Gtrop_Europe.k4.json,481e3c47a3ec3efcf4a4e148a718b5fa8c1155ba37729a7981261b006ce95508,1749,14,Model C (coupled-consistent retune; drivers + GPP from Lei's ED dump; GFED5 target)
model/parameters/coupled-gfed5/params.Gtrop_NAmerica.json,926d56904e5e345cb8c375389255403bce0cded7d86d02c3260622ab5a7f4bc0,1635,14,Model C (coupled-consistent retune; drivers + GPP from Lei's ED dump; GFED5 target)
model/parameters/coupled-gfed5/params.Gtrop_NAmerica.k1.json,2bf2d1cbe52a87410ed1d4b26439b5de1ded246610634fb1df3da10d3fc55533,1752,14,Model C (coupled-consistent retune; drivers + GPP from Lei's ED dump; GFED5 target)
model/parameters/coupled-gfed5/params.Gtrop_NAmerica.k2.json,7ac69539b9c8ba6d63177ab4a1d84668168bd9606c377f8bb5c5e77dc5c80a74,1747,14,Model C (coupled-consistent retune; drivers + GPP from Lei's ED dump; GFED5 target)
model/parameters/coupled-gfed5/params.Gtrop_NAmerica.k3.json,742ea722a5c79e9649af440a9e794fb1fb5a532442513c6710f0b2cb1efdb6d3,1750,14,Model C (coupled-consistent retune; drivers + GPP from Lei's ED dump; GFED5 target)
model/parameters/coupled-gfed5/params.Gtrop_NAmerica.k4.json,78f581322fc91357c98c28fd77df83acae860ec2457ff10c6f6004bad555d9e4,1750,14,Model C (coupled-consistent retune; drivers + GPP from Lei's ED dump; GFED5 target)
model/parameters/coupled-gfed5/params.Gtrop_NAmerica.k5.json,3643788017c8bab12d77f2a320f3de854b316fae008892ae90d77aee3a6d544b,1750,14,Model C (coupled-consistent retune; drivers + GPP from Lei's ED dump; GFED5 target)
model/parameters/coupled-gfed5/params.Gtrop_SAmerica.json,4d877f19d6ac2a13cc35d403258e2fd1de0c428d8279d732c2291b03932153e5,1639,14,Model C (coupled-consistent retune; drivers + GPP from Lei's ED dump; GFED5 target)
model/parameters/coupled-gfed5/params.Gtrop_SAmerica.k1.json,0edcfab00aa1abb65d38866fbe458a6fb7f9022e25902432b4a87c3800eda2f8,1756,14,Model C (coupled-consistent retune; drivers + GPP from Lei's ED dump; GFED5 target)
model/parameters/coupled-gfed5/params.Gtrop_SAmerica.k2.json,86abbf62b8ad3ada46593a4ba68e8741801a06316fabf4b0295149c9665d89c5,1747,14,Model C (coupled-consistent retune; drivers + GPP from Lei's ED dump; GFED5 target)
model/parameters/coupled-gfed5/params.Gtrop_SAmerica.k3.json,88f1a4f8e7e7b024b9ed128f6ce9a01d7585c8848e2d55fef420247047d8f8f8,1757,14,Model C (coupled-consistent retune; drivers + GPP from Lei's ED dump; GFED5 target)
model/parameters/coupled-gfed5/params.Gtrop_SAmerica.k4.json,a4841c02d95d573f9bd1903e0d6c042e3959b5bef3b287632ec5bbd8457d3939,1750,14,Model C (coupled-consistent retune; drivers + GPP from Lei's ED dump; GFED5 target)
model/parameters/coupled-gfed5/params.Gtrop_SAmerica.k5.json,14a2b2b80303fc718c623c309e704766c319e18e519e354c6bc3efd3730dc9b7,1751,14,Model C (coupled-consistent retune; drivers + GPP from Lei's ED dump; GFED5 target)
model/parameters/coupled-gfed5/params.Gtrop_SEAsia.json,9d59a0119f3fcc68168ba53750877df12b8f1ee2b5639f4503a4f6ab8c837a7c,1630,14,Model C (coupled-consistent retune; drivers + GPP from Lei's ED dump; GFED5 target)
model/parameters/coupled-gfed5/params.Gtrop_SEAsia.k1.json,ac54b617694e2712a71805cdc8b3bd5bf3dffa6b6e05cf49cdfaa3a402f1b0c3,1746,14,Model C (coupled-consistent retune; drivers + GPP from Lei's ED dump; GFED5 target)
model/parameters/coupled-gfed5/params.Gtrop_SEAsia.k2.json,a6991c5af5424794859b9ed8bb19c32da015a5ebf9988cf9439f37385a11cee9,1746,14,Model C (coupled-consistent retune; drivers + GPP from Lei's ED dump; GFED5 target)
model/parameters/coupled-gfed5/params.Gtrop_SEAsia.k3.json,40466708438e8aea89f6c15604111f9f0d0a2281bf4e774352beb89ca3432875,1744,14,Model C (coupled-consistent retune; drivers + GPP from Lei's ED dump; GFED5 target)
model/parameters/coupled-gfed5/params.Gtrop_SEAsia.k4.json,9402f545d9487c8166228e7e6bb3264fe28aadfadf217a70e0846d6bb71569d7,1744,14,Model C (coupled-consistent retune; drivers + GPP from Lei's ED dump; GFED5 target)
model/parameters/coupled-gfed5/params.Gtrop_SEAsia.k5.json,32b565a643d9ca0e4ce375165f7f23a3b08ca7c0ca9770d0c3deac44fbd8d441,1745,14,Model C (coupled-consistent retune; drivers + GPP from Lei's ED dump; GFED5 target)
model/parameters/coupled-gfed5/params.H.json,fbae72395a12981f09e393579fcf005ed9bec3e49e9c76f0bc246cc731c3d56d,1598,13,Model C (coupled-consistent retune; drivers + GPP from Lei's ED dump; GFED5 target)
model/parameters/coupled-gfed5/params.H.k1.json,263628f7b354cb1ace70376d5be8ca4aab9608aab0c777e95771bcabda8ec2db,1715,13,Model C (coupled-consistent retune; drivers + GPP from Lei's ED dump; GFED5 target)
model/parameters/coupled-gfed5/params.H.k2.json,233d429b1721639ccfe20e1af8975df83cc69fcef3cafb5ee1a87199d4276c1d,1712,13,Model C (coupled-consistent retune; drivers + GPP from Lei's ED dump; GFED5 target)
model/parameters/coupled-gfed5/params.H.k3.json,0e53f52540099917f6842c465f6709d9bce027107b7818a2aacd050149ed0f81,1713,13,Model C (coupled-consistent retune; drivers + GPP from Lei's ED dump; GFED5 target)
model/parameters/coupled-gfed5/params.H.k4.json,cfb7c77f4ae7a2f8de9f9e6678a2903e223c9c3b2f8fe39e2a87e1e5afb313f2,1709,13,Model C (coupled-consistent retune; drivers + GPP from Lei's ED dump; GFED5 target)
model/parameters/coupled-gfed5/params.H.k5.json,6bcc2511e1ca9c726649864270bdce29d5b424dac0b2737aff309493edd6a8c9,1712,13,Model C (coupled-consistent retune; drivers + GPP from Lei's ED dump; GFED5 target)
model/parameters/coupled-gfed5/params.PRE-coupled.json,3afbd924394ac557b7cc08413c43cfb3e1ffb9f1f84d599d25bc8ddfd9a2764b,1594,12,Model C (ED-coupled-consistent retune; rank #1 at 0.6713)
model/parameters/coupled-gfed5/params.PRE-tropfix2.json,fde7fab8cf0a91b742cfd9a5c2b9b0602e57c3ce5eb6957794d038541622b7de,1512,12,Model C (coupled-consistent retune; drivers + GPP from Lei's ED dump; GFED5 target)
model/parameters/coupled-gfed5/params.africa.json,f7279da1b71f96b225ae7d932b594860344c4b5807562ee8da8593e0cf77f322,1660,15,Model C (coupled-consistent retune; drivers + GPP from Lei's ED dump; GFED5 target)
model/parameters/coupled-gfed5/params.africa.k1.json,692fa8f18e0abd561ae98e07ea5505d9e263bfa6bff103030a609572074ae017,1776,15,Model C (coupled-consistent retune; drivers + GPP from Lei's ED dump; GFED5 target)
model/parameters/coupled-gfed5/params.africa.k2.json,0d5f6b525b4cf8f1d7c39614fe035d9977d661f76169de748d0e5f1929c92741,1775,15,Model C (coupled-consistent retune; drivers + GPP from Lei's ED dump; GFED5 target)
model/parameters/coupled-gfed5/params.africa.k3.json,23044448608679d7d1be57d978718244bfc0afe7b8f3dd97567c019dce464af3,1783,15,Model C (coupled-consistent retune; drivers + GPP from Lei's ED dump; GFED5 target)
model/parameters/coupled-gfed5/params.africa.k4.json,ff0c0eb21717b08721bef023e0a3b455d9ae5f733309776d609c2e91a238ef9c,1784,15,Model C (coupled-consistent retune; drivers + GPP from Lei's ED dump; GFED5 target)
model/parameters/coupled-gfed5/params.africacell.json,7abffd99dfe67442b0d2e9320ac43201f4bfc43e38307ef3dbe0c14c54174702,1696,16,Model C (coupled-consistent retune; drivers + GPP from Lei's ED dump; GFED5 target)
model/parameters/coupled-gfed5/params.africafuel.json,0d0f30827867f2a720b3956bf1b4c91228ff88b0d0ca834b6303d1bacfbb6282,1698,16,Model C (coupled-consistent retune; drivers + GPP from Lei's ED dump; GFED5 target)
model/parameters/coupled-gfed5/params.africafuel.k1.json,8c5e834459459ec63f4b08211848e7f88c5e8866d41925e3fdf0428928e571c6,1815,16,Model C (coupled-consistent retune; drivers + GPP from Lei's ED dump; GFED5 target)
model/parameters/coupled-gfed5/params.africafuel.k2.json,084d291bfd933285a084bf263ea1cb2ac18a73961ffcc9024d94b86a95b02e29,1815,16,Model C (coupled-consistent retune; drivers + GPP from Lei's ED dump; GFED5 target)
model/parameters/coupled-gfed5/params.africafuel.k3.json,57b5500b9a718079f13db5a9de00d1d30f18aea9ccafa43d2a86fdc2be511152,1815,16,Model C (coupled-consistent retune; drivers + GPP from Lei's ED dump; GFED5 target)
model/parameters/coupled-gfed5/params.africafuel.k4.json,678812c0a5f1d599873b639c6f82cdb179cb43def50cafd940a2f697e52e1cdf,1809,16,Model C (coupled-consistent retune; drivers + GPP from Lei's ED dump; GFED5 target)
model/parameters/coupled-gfed5/params.africafuel.k5.json,f8179c415f32615aa7fbe138dceefc9600089c6ce1b373a9bbde1181a33151ff,1813,16,Model C (coupled-consistent retune; drivers + GPP from Lei's ED dump; GFED5 target)
model/parameters/coupled-gfed5/params.africafuel.k6.json,565c8a1398292e491cdad05a50b9b603ef02f24dd02354f1b868280260a6ab46,1812,16,Model C (coupled-consistent retune; drivers + GPP from Lei's ED dump; GFED5 target)
model/parameters/coupled-gfed5/params.africaho.json,348a433ff57fb1cc46001abd64e593cb460fa48226509470fd99c6766298dd53,1694,16,Model C (coupled-consistent retune; drivers + GPP from Lei's ED dump; GFED5 target)
model/parameters/coupled-gfed5/params.africaseas.json,4041ee5a37441b5016d73655514d5cc8891430e7733fa3dff18d6ed61c0d0e3d,1696,16,Model C (coupled-consistent retune; drivers + GPP from Lei's ED dump; GFED5 target)
model/parameters/coupled-gfed5/params.africaseas.k1.json,16fbec14e82c5f21a570ece5749e0c813a9e5d00ed39b59e86626b3d85a500f7,1810,16,Model C (coupled-consistent retune; drivers + GPP from Lei's ED dump; GFED5 target)
model/parameters/coupled-gfed5/params.africaseas.k2.json,b2d3fd918afb4aabdac104b9780e4a44bb31e4404f1b9cfaa697a751841e6efa,1814,16,Model C (coupled-consistent retune; drivers + GPP from Lei's ED dump; GFED5 target)
model/parameters/coupled-gfed5/params.africaseas.k3.json,7a7a56ee969c65f1598d82f6fdc587945e3aa1546ff3aeabcfa818bc8bb751e9,1815,16,Model C (coupled-consistent retune; drivers + GPP from Lei's ED dump; GFED5 target)
model/parameters/coupled-gfed5/params.africaseas.k4.json,7bf3a241b38604a7536e13312cd5ed990b278e1d8d7cd44f569921da129e30cd,1813,16,Model C (coupled-consistent retune; drivers + GPP from Lei's ED dump; GFED5 target)
model/parameters/coupled-gfed5/params.africaseas.k5.json,2e340dd49d77f1ac51b21ea0c120bc347f089b653e256e3a28276acae082db7c,1819,16,Model C (coupled-consistent retune; drivers + GPP from Lei's ED dump; GFED5 target)
model/parameters/coupled-gfed5/params.africaseas.k6.json,1c0e8617d72ea7694e83328826690d936aaa03128d9931c224316fb7ceb5f23f,1820,16,Model C (coupled-consistent retune; drivers + GPP from Lei's ED dump; GFED5 target)
model/parameters/coupled-gfed5/params.africaseas2.json,8a35d62aa0cd9bf7f914591130cdfbecc090a73013398ba345179dcb4e3089b2,1696,16,Model C (coupled-consistent retune; drivers + GPP from Lei's ED dump; GFED5 target)
model/parameters/coupled-gfed5/params.africaseas2.k1.json,c9c137500fffe827a66bb99311cad641f9a6a2cf4a967618faf1a2f415c0a44f,1810,16,Model C (coupled-consistent retune; drivers + GPP from Lei's ED dump; GFED5 target)
model/parameters/coupled-gfed5/params.africaseas2.k2.json,03312895f50a0190a29363dfc0214f6c5c0ff6be254e609c08a4e98198b1920c,1813,16,Model C (coupled-consistent retune; drivers + GPP from Lei's ED dump; GFED5 target)
model/parameters/coupled-gfed5/params.africaseas2.k3.json,ac5188c4450019dd7efea3b771b361950ed4c8b4c22ab71ec4372a904c8eb3d3,1814,16,Model C (coupled-consistent retune; drivers + GPP from Lei's ED dump; GFED5 target)
model/parameters/coupled-gfed5/params.africaseas2.k4.json,86c76ebf5ae9df1f036daf4c31e496038c801f07728b68757a11488b715c8ef8,1815,16,Model C (coupled-consistent retune; drivers + GPP from Lei's ED dump; GFED5 target)
model/parameters/coupled-gfed5/params.africaseas2.k5.json,6888f33beb789130fd6ca1bad0f1d9bda6f2500c4a6de6c03ca2d460aafe4fbe,1819,16,Model C (coupled-consistent retune; drivers + GPP from Lei's ED dump; GFED5 target)
model/parameters/coupled-gfed5/params.africaseas2.k6.json,982a50a9b68aa15b26721102301d42f1270d00e6f230d5bf7d7f9b11426766fa,1820,16,Model C (coupled-consistent retune; drivers + GPP from Lei's ED dump; GFED5 target)
model/parameters/coupled-gfed5/params.australia.json,832a223026f248037839400f1c681c9be80744641b7e9258bdff20815afb8df4,1667,15,Model C (coupled-consistent retune; drivers + GPP from Lei's ED dump; GFED5 target)
model/parameters/coupled-gfed5/params.australia.k1.json,5cb201b975cd4f4a745b4b22fb8295fd365b5597173db71a8467b80bf0e91162,1784,15,Model C (coupled-consistent retune; drivers + GPP from Lei's ED dump; GFED5 target)
model/parameters/coupled-gfed5/params.australia.k2.json,67ed9e47c55a63072dabbcba3bc644eddc0b384f42b0a2a29a3d0511fe49ef07,1781,15,Model C (coupled-consistent retune; drivers + GPP from Lei's ED dump; GFED5 target)
model/parameters/coupled-gfed5/params.australia.k3.json,be33e6f60dc070289ef63f7c2f872a531a2da19c4b678b2542c69482f2208252,1783,15,Model C (coupled-consistent retune; drivers + GPP from Lei's ED dump; GFED5 target)
model/parameters/coupled-gfed5/params.australia.k4.json,ba54cc47eedb7c928eb03986fc615021b245f312fb736eee42f78fd7a249a593,1784,15,Model C (coupled-consistent retune; drivers + GPP from Lei's ED dump; GFED5 target)
model/parameters/coupled-gfed5/params.australia.k5.json,7b30ad9e457f97085d99a7a71471fb5d64eefb92238b70984dccc8fc072a8821,1785,15,Model C (coupled-consistent retune; drivers + GPP from Lei's ED dump; GFED5 target)
model/parameters/coupled-gfed5/params.australia.k6.json,8ab843d42d342265850b0f87aba333c3bd16e234a13bc9f4861361a87747f8e1,1784,15,Model C (coupled-consistent retune; drivers + GPP from Lei's ED dump; GFED5 target)
model/parameters/coupled-gfed5/params.boreal.json,b0e0ef22e829db8d6795490167c5e3931ac2797083c3c0eeb727887f7706f467,1670,15,Model C (coupled-consistent retune; drivers + GPP from Lei's ED dump; GFED5 target)
model/parameters/coupled-gfed5/params.boreal.k1.json,3902a1396341a966aeeddc484d0f2c43add5c5881983fe204f038d7f9c36637f,1785,15,Model C (coupled-consistent retune; drivers + GPP from Lei's ED dump; GFED5 target)
model/parameters/coupled-gfed5/params.boreal.k2.json,505dc93854c0e397b50dfb37fa4f45c66196b18cf46f8d87543182f5d52cc516,1784,15,Model C (coupled-consistent retune; drivers + GPP from Lei's ED dump; GFED5 target)
model/parameters/coupled-gfed5/params.boreal.k3.json,720b2b30d32336486dd55612a037815a9b21eab883cc794906a33038094a0dc8,1782,15,Model C (coupled-consistent retune; drivers + GPP from Lei's ED dump; GFED5 target)
model/parameters/coupled-gfed5/params.boreal.k4.json,adc17b3454fc8fe67321af9935df1824f5fe8cf03ab069290a34d40804d7ca84,1782,15,Model C (coupled-consistent retune; drivers + GPP from Lei's ED dump; GFED5 target)
model/parameters/coupled-gfed5/params.boreal.k5.json,51787a89efbde97f8e26a4e3e23be49c584b8f749864d1aa076b5909927f09f9,1782,15,Model C (coupled-consistent retune; drivers + GPP from Lei's ED dump; GFED5 target)
model/parameters/coupled-gfed5/params.borealcell.json,c9f3b45bbdf12d05f4f6612d5e27ea581aa357c41076d1577e52baf194c6099b,1661,15,Model C (coupled-consistent retune; drivers + GPP from Lei's ED dump; GFED5 target)
model/parameters/coupled-gfed5/params.borealho.json,c51105ef31267c7849995add17464510556dc7156d747a494773a75b75066eba,1661,15,Model C (coupled-consistent retune; drivers + GPP from Lei's ED dump; GFED5 target)
model/parameters/coupled-gfed5/params.borealseas.json,a3434a823a73c25a9617625841165099ce7e702143c5976c89797b55d865a144,1660,15,Model C (coupled-consistent retune; drivers + GPP from Lei's ED dump; GFED5 target)
model/parameters/coupled-gfed5/params.borealseas.k1.json,3242a55ba5e49962aa9b38b92f18057353235200c9f2bcb75b06a5d6ddf49fd6,1775,15,Model C (coupled-consistent retune; drivers + GPP from Lei's ED dump; GFED5 target)
model/parameters/coupled-gfed5/params.borealseas.k2.json,7958ac54fd6b050a32126ba3c2fe054078c69b6ab6e93bd9c785bb837e5d9feb,1776,15,Model C (coupled-consistent retune; drivers + GPP from Lei's ED dump; GFED5 target)
model/parameters/coupled-gfed5/params.borealseas.k3.json,a4395eb05c691207cab757a63f525a387c0f60d9c2f645d78e927a3bf02d200c,1779,15,Model C (coupled-consistent retune; drivers + GPP from Lei's ED dump; GFED5 target)
model/parameters/coupled-gfed5/params.chk.k1.json,da4cef60b6b777e459d80144f3cac19431a16bc5d2b377dc71d0871268bd5dc1,1667,12,Model C (coupled-consistent retune; drivers + GPP from Lei's ED dump; GFED5 target)
model/parameters/coupled-gfed5/params.coupledE.json,ad153c76c0670f57bbd3db8eccff1fb4257ac38586a27a0cd7b26c8e561d1962,1704,16,Model C (coupled-consistent retune; drivers + GPP from Lei's ED dump; GFED5 target)
model/parameters/coupled-gfed5/params.coupledE.k1.json,dfe5e3eaf7c08b244c3a9a9b7120e2b74fcaa1ef38b03f6139466be62b26ca83,1821,16,Model C (coupled-consistent retune; drivers + GPP from Lei's ED dump; GFED5 target)
model/parameters/coupled-gfed5/params.coupledE.k2.json,61dce416ebb405e244a1e45a5b646dcb4ce640bfe4d481f4d0e75728e0ea1669,1818,16,Model C (coupled-consistent retune; drivers + GPP from Lei's ED dump; GFED5 target)
model/parameters/coupled-gfed5/params.coupledE.k3.json,3b2cc3f938f769adab7d1424cf25b0eb2f9dc900cdc946ba23b5d1c1f550ce48,1816,16,Model C (coupled-consistent retune; drivers + GPP from Lei's ED dump; GFED5 target)
model/parameters/coupled-gfed5/params.coupledE.k4.json,a7aab3226cd36c7b5e21868252e459f7d42b4addc5a2990672d3eb4a317530d9,1817,16,Model C (coupled-consistent retune; drivers + GPP from Lei's ED dump; GFED5 target)
model/parameters/coupled-gfed5/params.coupledE.k5.json,aa829e841e0c5695c827fb0b0f950d3d7155777916096d32afc6bb57aac039cd,1812,16,Model C (coupled-consistent retune; drivers + GPP from Lei's ED dump; GFED5 target)
model/parameters/coupled-gfed5/params.coupledE.k6.json,6d49564b0da5280db68c5882d0f1d7626a4c74c83d83668c4e855c9f7e599084,1813,16,Model C (coupled-consistent retune; drivers + GPP from Lei's ED dump; GFED5 target)
model/parameters/coupled-gfed5/params.coupledE_af.json,3c95538381fe9c8d72a3af3a2d8eabf0c5bb176004c347f4594de72e9ee859ef,1698,16,Model C (coupled-consistent retune; drivers + GPP from Lei's ED dump; GFED5 target)
model/parameters/coupled-gfed5/params.coupledE_aus.json,c4b390359d0a18304322b0d0980c33092894517d7793014e8ef17bf1664efb1c,1697,16,Model C (coupled-consistent retune; drivers + GPP from Lei's ED dump; GFED5 target)
model/parameters/coupled-gfed5/params.coupledE_bor.json,123da2c4cc3871b3872fc7086356b93ab35c8662ccdc929080ae4f51d5e019e8,1699,16,Model C (coupled-consistent retune; drivers + GPP from Lei's ED dump; GFED5 target)
model/parameters/coupled-gfed5/params.coupledE_cure.json,ec5ebdc43e0972e7cb88ddc2c416fba2a1502fcba160a5180722625aa2e582d7,1887,21,Model C (coupled-consistent retune; drivers + GPP from Lei's ED dump; GFED5 target)
model/parameters/coupled-gfed5/params.coupledE_eur.json,3b0e5aa32c55c735fb42ab13b0f598830082db0b878daecc08a51a8d3c7bd946,1697,16,Model C (coupled-consistent retune; drivers + GPP from Lei's ED dump; GFED5 target)
model/parameters/coupled-gfed5/params.coupledE_fx.json,b477c5c9204e5263393e1a43aece529cb6a3bd80f684b35c75f97b4191c4c73c,1704,16,Model C (coupled-consistent retune; drivers + GPP from Lei's ED dump; GFED5 target)
model/parameters/coupled-gfed5/params.coupledE_fx.k1.json,74373fc80a14d80279ecde204be988b5ce809e1538a7395de7862e6b9cc10247,1821,16,Model C (coupled-consistent retune; drivers + GPP from Lei's ED dump; GFED5 target)
model/parameters/coupled-gfed5/params.coupledE_fx.k2.json,9b6f456c25b90ff854bbda80d8bd3d6c4f50bea0bdcb8ede06c8cdcab7f16535,1819,16,Model C (coupled-consistent retune; drivers + GPP from Lei's ED dump; GFED5 target)
model/parameters/coupled-gfed5/params.coupledE_fx.k3.json,ddc08f8eaa0238dfbc1f0e2952cdeb00236dc42fe1e3f93f28936ae9aa728414,1822,16,Model C (coupled-consistent retune; drivers + GPP from Lei's ED dump; GFED5 target)
model/parameters/coupled-gfed5/params.coupledE_fx.k4.json,f4997db6d9642b91d1e8f54da84d237815289614b1f251aa9b0e0f343d3852a5,1822,16,Model C (coupled-consistent retune; drivers + GPP from Lei's ED dump; GFED5 target)
model/parameters/coupled-gfed5/params.coupledE_fx.k5.json,3886d81c72fefe3f007f555eac1708c0d70f5098cd5a1616a488bbd1e322d867,1820,16,Model C (coupled-consistent retune; drivers + GPP from Lei's ED dump; GFED5 target)
model/parameters/coupled-gfed5/params.coupledE_fx.k6.json,412e96bd9137929da61170ceac1e881d7f7550710c1847bae15750ba051e7df8,1817,16,Model C (coupled-consistent retune; drivers + GPP from Lei's ED dump; GFED5 target)
model/parameters/coupled-gfed5/params.coupledE_gdp.json,ff92a0ccdcc1e37b360e88ae62739196aefcba7028add0bdfdb3715019f4d268,1738,17,Model C (coupled-consistent retune; drivers + GPP from Lei's ED dump; GFED5 target)
model/parameters/coupled-gfed5/params.coupledE_nam.json,4bba7f3090dd92148b0f8203007c2f80ac4a11c2773889c948b62cc5a1daa776,1693,16,Model C (coupled-consistent retune; drivers + GPP from Lei's ED dump; GFED5 target)
model/parameters/coupled-gfed5/params.coupledE_nogdp.json,d3ae0df691276d2eb8bc4b32e51d5e29da9458215e47398839592092bb145ab3,1701,16,Model C (coupled-consistent retune; drivers + GPP from Lei's ED dump; GFED5 target)
model/parameters/coupled-gfed5/params.coupledE_sam.json,2bdc786cb5656fcf39492b36a9f9667124b00b7a7ec334e27ae792a8cfeeba25,1702,16,Model C (coupled-consistent retune; drivers + GPP from Lei's ED dump; GFED5 target)
model/parameters/coupled-gfed5/params.coupledE_sea.json,f251e59f1597eed40a3b0c5f04167186361e4f46eb4eca283b71fbba84f4244d,1701,16,Model C (coupled-consistent retune; drivers + GPP from Lei's ED dump; GFED5 target)
model/parameters/coupled-gfed5/params.coupledE_smoke.json,86f18e47f63fd52360d7668fe68d763a44e2049818ce14897908e6b04d048f19,1694,16,Model C (coupled-consistent retune; drivers + GPP from Lei's ED dump; GFED5 target)
model/parameters/coupled-gfed5/params.coupledFW.json,d96c8d37f119d850a95968fc07f9ed93114cdfc2aa6439a40c0806377dd436fe,1701,16,Model C (coupled-consistent retune; drivers + GPP from Lei's ED dump; GFED5 target)
model/parameters/coupled-gfed5/params.coupledFW.k1.json,b3298237deee1902401b09d285c12f4cce6597ab1f0759e17d13ba36789b055a,1815,16,Model C (coupled-consistent retune; drivers + GPP from Lei's ED dump; GFED5 target)
model/parameters/coupled-gfed5/params.coupledFW.k2.json,9235f617a03d6b1230504d8354243da33e3cf2d6e4ee37d5350235f9c9069f83,1821,16,Model C (coupled-consistent retune; drivers + GPP from Lei's ED dump; GFED5 target)
model/parameters/coupled-gfed5/params.coupledFW.k3.json,e598882a6b77ffb620af3e34dd38c7ca817a01a0dd43a4a89dc5d2cf5fbd43de,1821,16,Model C (coupled-consistent retune; drivers + GPP from Lei's ED dump; GFED5 target)
model/parameters/coupled-gfed5/params.coupledFW.k4.json,b4da9e9ad77679c2aba2ef92c1b9003401f5d90e1c64e9c85b0e318874cf9726,1817,16,Model C (coupled-consistent retune; drivers + GPP from Lei's ED dump; GFED5 target)
model/parameters/coupled-gfed5/params.coupledFW.k5.json,c76ed48518f3125a56ae2297ce1139add660f75b740bc6b974de3932be3920c7,1820,16,Model C (coupled-consistent retune; drivers + GPP from Lei's ED dump; GFED5 target)
model/parameters/coupled-gfed5/params.europe.json,183b2a3b98df8e2df42ecbc91bd2f7da7180f2b7a98077248420a154bb108ccb,1667,15,Model C (coupled-consistent retune; drivers + GPP from Lei's ED dump; GFED5 target)
model/parameters/coupled-gfed5/params.europe.k1.json,9cac5f7a846ceeff447b0e436c3e02cd1aa3922675e91d19a83d43f3af524526,1783,15,Model C (coupled-consistent retune; drivers + GPP from Lei's ED dump; GFED5 target)
model/parameters/coupled-gfed5/params.europe.k2.json,39c1bd91b764b8e35f196e74780df0e1587b724450d267444437a53ab7394ef3,1783,15,Model C (coupled-consistent retune; drivers + GPP from Lei's ED dump; GFED5 target)
model/parameters/coupled-gfed5/params.europe.k3.json,09544dc785dda313e9e94f7ef793a196f2ee14959c17900ebb960090e6e4709f,1782,15,Model C (coupled-consistent retune; drivers + GPP from Lei's ED dump; GFED5 target)
model/parameters/coupled-gfed5/params.europe.k4.json,f97eb5781fc5ba31d5ffa46122977d865d7256d9ea49b3f81d39ce4e352290ee,1776,15,Model C (coupled-consistent retune; drivers + GPP from Lei's ED dump; GFED5 target)
model/parameters/coupled-gfed5/params.europe.k5.json,024d2e33dc2a95cf0814d15dc3f9a57453107fb3e332744179c49465859e7bfc,1784,15,Model C (coupled-consistent retune; drivers + GPP from Lei's ED dump; GFED5 target)
model/parameters/coupled-gfed5/params.europe.k6.json,792a130fc28786f349e300d111f3fb6702b588edb9ab3d1cdc57d80109b76f5c,1780,15,Model C (coupled-consistent retune; drivers + GPP from Lei's ED dump; GFED5 target)
model/parameters/coupled-gfed5/params.europecell.json,14593d7d21689ade03d60862a38ad0dbadb9935e95e601ad6f14d21cf7860fe2,1671,15,Model C (coupled-consistent retune; drivers + GPP from Lei's ED dump; GFED5 target)
model/parameters/coupled-gfed5/params.europeho.json,7d733f3ff505e68ba94979a39adb6ecf548a407bcb46a9a9f8f62b25d46d76ed,1669,15,Model C (coupled-consistent retune; drivers + GPP from Lei's ED dump; GFED5 target)
model/parameters/coupled-gfed5/params.europeseas.json,fba8ded767f439e9bdefa3d39b33a7fe3cc15470088a81169d8e2ab454c523dd,1672,15,Model C (coupled-consistent retune; drivers + GPP from Lei's ED dump; GFED5 target)
model/parameters/coupled-gfed5/params.europeseas.k1.json,5a9796314b2fa590ecdd364e22d8503abdc0ce938fe3072ad207b5007b7d0fae,1788,15,Model C (coupled-consistent retune; drivers + GPP from Lei's ED dump; GFED5 target)
model/parameters/coupled-gfed5/params.europeseas.k2.json,15af4348b46377141de179c538a58f890976b23a15a8016cdcd074bc53e40dc3,1785,15,Model C (coupled-consistent retune; drivers + GPP from Lei's ED dump; GFED5 target)
model/parameters/coupled-gfed5/params.europeseas.k3.json,2aa3e7719f4980e384d0f1c143c797f28b99c5598bfe867f81361aeee3734e9e,1790,15,Model C (coupled-consistent retune; drivers + GPP from Lei's ED dump; GFED5 target)
model/parameters/coupled-gfed5/params.europeseas.k4.json,3917d7616cfd7b48dcf1a72f174aafbf00c0dc185a8a8de409a80280f9e181e6,1783,15,Model C (coupled-consistent retune; drivers + GPP from Lei's ED dump; GFED5 target)
model/parameters/coupled-gfed5/params.europeseas.k5.json,8eae3a4fd368340dca55a450f9e86d92e6e2e8c2f8087e37a66ca81c66adfd0f,1790,15,Model C (coupled-consistent retune; drivers + GPP from Lei's ED dump; GFED5 target)
model/parameters/coupled-gfed5/params.europeseas.k6.json,0d201b5ae78e39f4092efc5b2fbad789a5a47c270e648ff870494ab2475fb4c8,1785,15,Model C (coupled-consistent retune; drivers + GPP from Lei's ED dump; GFED5 target)
model/parameters/coupled-gfed5/params.json,479c63b919141e127eef2810028137fa8d11681a59570f574012985637541de1,1716,14,Model C (coupled-consistent retune; drivers + GPP from Lei's ED dump; GFED5 target)
model/parameters/coupled-gfed5/params.namerica.json,d9d46af446ba8488c09baa27bc7a6f7e264ee62a09d25c87f365dc051be13dda,1668,15,Model C (coupled-consistent retune; drivers + GPP from Lei's ED dump; GFED5 target)
model/parameters/coupled-gfed5/params.namerica.k1.json,e7cf4a91fa2a1991cb6a9f69e9608eb9e70b7ab8e859f031970f55e469ad83eb,1785,15,Model C (coupled-consistent retune; drivers + GPP from Lei's ED dump; GFED5 target)
model/parameters/coupled-gfed5/params.namerica.k2.json,9149411d4a976610fe94b4d0e84442409f657fc104125f4384ed1cd891e1ae09,1779,15,Model C (coupled-consistent retune; drivers + GPP from Lei's ED dump; GFED5 target)
model/parameters/coupled-gfed5/params.namerica.k3.json,3cec47ca1ced471d0102df9358ebbdba9d84b14955aa971c510387ffbb2221a4,1779,15,Model C (coupled-consistent retune; drivers + GPP from Lei's ED dump; GFED5 target)
model/parameters/coupled-gfed5/params.namerica.k4.json,77ac0e6f12850d09cfc025892a8c13cf483908311c88740265c1b4423518ceeb,1785,15,Model C (coupled-consistent retune; drivers + GPP from Lei's ED dump; GFED5 target)
model/parameters/coupled-gfed5/params.namerica.k5.json,9aa448909325f31d65897dccea35007d0cb5d4229d16f70e9b50ad349a6f741e,1783,15,Model C (coupled-consistent retune; drivers + GPP from Lei's ED dump; GFED5 target)
model/parameters/coupled-gfed5/params.namerica.k6.json,59ea02a51f5426fa9c5810969e758d17f21e99b15ca94dff1796552b28256a75,1781,15,Model C (coupled-consistent retune; drivers + GPP from Lei's ED dump; GFED5 target)
model/parameters/coupled-gfed5/params.nsga2.json,fde7fab8cf0a91b742cfd9a5c2b9b0602e57c3ce5eb6957794d038541622b7de,1512,12,Model C (coupled-consistent retune; drivers + GPP from Lei's ED dump; GFED5 target)
model/parameters/coupled-gfed5/params.paperD.json,95507169cb53340750f641437d99bb121d0d266e3eeb0e90a1253828d4d178b9,1556,12,Model C (coupled-consistent retune; drivers + GPP from Lei's ED dump; GFED5 target)
model/parameters/coupled-gfed5/params.paperD.k1.json,f14331c8ced016185a9d175a9ba979a2c4e50b71bdb9a8ae644596f6b5ad268d,1673,12,Model C (coupled-consistent retune; drivers + GPP from Lei's ED dump; GFED5 target)
model/parameters/coupled-gfed5/params.paperD.k2.json,53ce9269f6888b0692fa5d3c9653a9954a1c75a5966c2f2bef59064dcda63b57,1672,12,Model C (coupled-consistent retune; drivers + GPP from Lei's ED dump; GFED5 target)
model/parameters/coupled-gfed5/params.paperD.k3.json,6149e78d83c82134a84c29982c3c17d5cba19208d2acc837ba49af514ad2c83b,1672,12,Model C (coupled-consistent retune; drivers + GPP from Lei's ED dump; GFED5 target)
model/parameters/coupled-gfed5/params.paperD.k4.json,8d8662a4bbf1eb5b00b9e10f194ac346b9dcf5d482531520f3af2adf84fb82a0,1668,12,Model C (coupled-consistent retune; drivers + GPP from Lei's ED dump; GFED5 target)
model/parameters/coupled-gfed5/params.paperD.k5.json,c4d16dd3240d6f922586092fb5595a85a26638480320db6da92508842f3365d3,1675,12,Model C (coupled-consistent retune; drivers + GPP from Lei's ED dump; GFED5 target)
model/parameters/coupled-gfed5/params.paperD.k6.json,d4f0cd96bc265af128ccfa7bdd776e3285be8e7dfe6232e2d2033fe32de419cf,1673,12,Model C (coupled-consistent retune; drivers + GPP from Lei's ED dump; GFED5 target)
model/parameters/coupled-gfed5/params.paperD.k7.json,af31e868a27ca57d46b6a9373837e38a74dbb042558a0d016f31f805a4e3f2ca,1674,12,Model C (coupled-consistent retune; drivers + GPP from Lei's ED dump; GFED5 target)
model/parameters/coupled-gfed5/params.paperD.k8.json,c0a9e91463dcb7463884181afe774c2691da840ca04d432183d686476b2138ff,1676,12,Model C (coupled-consistent retune; drivers + GPP from Lei's ED dump; GFED5 target)
model/parameters/coupled-gfed5/params.samerica.json,c2fa4eff395013da96e2fae001c56ddb9d0c82e6ab0bc92c31d515083b676a4b,1671,15,Model C (coupled-consistent retune; drivers + GPP from Lei's ED dump; GFED5 target)
model/parameters/coupled-gfed5/params.samerica.k1.json,144909e41d22dc8456a615fb64b24096952dbc7aef3dfe9b52da056e2c5334fc,1787,15,Model C (coupled-consistent retune; drivers + GPP from Lei's ED dump; GFED5 target)
model/parameters/coupled-gfed5/params.samerica.k2.json,6f2202d5c7a76fd17570edb4495af58e83bef71e2d850c7ce25dc8de50bb5dc9,1779,15,Model C (coupled-consistent retune; drivers + GPP from Lei's ED dump; GFED5 target)
model/parameters/coupled-gfed5/params.samerica.k3.json,4d3f8b7bf0e168fd8718c925cf333fb8bb6bb4dbd34cd74c7b05842b49d2022f,1784,15,Model C (coupled-consistent retune; drivers + GPP from Lei's ED dump; GFED5 target)
model/parameters/coupled-gfed5/params.samericacell.json,39d4509138cbb3c323c8790d9d60da3387b1b685560591f882d802dce2e3e2c8,1672,15,Model C (coupled-consistent retune; drivers + GPP from Lei's ED dump; GFED5 target)
model/parameters/coupled-gfed5/params.samericaho.json,3853945c563d8479dcf495404114894f983829fc32651d8e188a843f0f0ece7a,1663,15,Model C (coupled-consistent retune; drivers + GPP from Lei's ED dump; GFED5 target)
model/parameters/coupled-gfed5/params.samericaseas.json,2184b1a13ea39a8a3975a0568bb7611329b0536291f1b5d8f2cd09c6416d176a,1672,15,Model C (coupled-consistent retune; drivers + GPP from Lei's ED dump; GFED5 target)
model/parameters/coupled-gfed5/params.samericaseas.k1.json,fa088f8ce264d60e9e133a4a81e7978ffc5c5b96e9bc4cc0ce5319e20fd33de1,1786,15,Model C (coupled-consistent retune; drivers + GPP from Lei's ED dump; GFED5 target)
model/parameters/coupled-gfed5/params.samericaseas.k2.json,7667e8e00b96218b7b5ed2dce2cdd98102ab22081bc6a4c8f53a332969bd9490,1790,15,Model C (coupled-consistent retune; drivers + GPP from Lei's ED dump; GFED5 target)
model/parameters/coupled-gfed5/params.samericaseas.k3.json,e68d69a12ec16ca44c4ba219c3a6043563b28ec96e32a982d4f0e341ff876f64,1785,15,Model C (coupled-consistent retune; drivers + GPP from Lei's ED dump; GFED5 target)
model/parameters/coupled-gfed5/params.samericaseas.k4.json,95f6d1a68343bbe732d0130e86be54cd12109f904119623fd2c61778d29db390,1789,15,Model C (coupled-consistent retune; drivers + GPP from Lei's ED dump; GFED5 target)
model/parameters/coupled-gfed5/params.samericaseas.k5.json,2a32646cc5f23e2422aaf7c065891fde90ba7621bc59af993b7755bd13bd4fe4,1787,15,Model C (coupled-consistent retune; drivers + GPP from Lei's ED dump; GFED5 target)
model/parameters/coupled-gfed5/params.samericaseas.k6.json,49032083c558e307e0861079f65fa07aba68c47483acfd126bb7cf76519a4eb5,1780,15,Model C (coupled-consistent retune; drivers + GPP from Lei's ED dump; GFED5 target)
model/parameters/coupled-gfed5/params.samericaseas2.json,8dd949cf36aecb07cf5997e1389dc6123ccaa28269f9f94585511be23625e9c9,1672,15,Model C (coupled-consistent retune; drivers + GPP from Lei's ED dump; GFED5 target)
model/parameters/coupled-gfed5/params.samericaseas2.k1.json,932340fb632e915e740aa646f54af330eb5d8b4fcc3ab7af90cbf90c0fd6e6ff,1786,15,Model C (coupled-consistent retune; drivers + GPP from Lei's ED dump; GFED5 target)
model/parameters/coupled-gfed5/params.samericaseas2.k2.json,c6ba90dc297326a294f5e9388816d014f8aea01b3076e99358c07f010690f339,1790,15,Model C (coupled-consistent retune; drivers + GPP from Lei's ED dump; GFED5 target)
model/parameters/coupled-gfed5/params.samericaseas2.k3.json,c5e443d17dc7b05b00d87924eeef7877a619a34b161c3d8fd89c59bcb7bc9243,1785,15,Model C (coupled-consistent retune; drivers + GPP from Lei's ED dump; GFED5 target)
model/parameters/coupled-gfed5/params.samericaseas2.k4.json,ae87318a8256fc6115e484dd14cdcd58d97db89797c00253564e1889610702fc,1789,15,Model C (coupled-consistent retune; drivers + GPP from Lei's ED dump; GFED5 target)
model/parameters/coupled-gfed5/params.samericaseas2.k5.json,89f0d93247ae0f1463a6e34b2a083ba4d14eab80bb7fd0f27bd00fee357865e1,1787,15,Model C (coupled-consistent retune; drivers + GPP from Lei's ED dump; GFED5 target)
model/parameters/coupled-gfed5/params.samericaseas2.k6.json,a07f782c02a21ead96ea735f4b67ce98ee3ec4a77c44f55c92f396a0729dd1ef,1780,15,Model C (coupled-consistent retune; drivers + GPP from Lei's ED dump; GFED5 target)
model/parameters/coupled-gfed5/params.seasia.json,0e1a4aac75eea669d5ae30b78a768e4aaafd195afa419256404d76cf97d1c940,1663,15,Model C (coupled-consistent retune; drivers + GPP from Lei's ED dump; GFED5 target)
model/parameters/coupled-gfed5/params.seasia.k1.json,89ea8f137939bba2d58b6502b7f3c58edc7f46bb02793665f234888165fc7a52,1780,15,Model C (coupled-consistent retune; drivers + GPP from Lei's ED dump; GFED5 target)
model/parameters/coupled-gfed5/params.seasia.k2.json,a6978ada434910dcbfbedd190da4a9932ee1429f42bad6abca5f1bbe6b24a3bf,1782,15,Model C (coupled-consistent retune; drivers + GPP from Lei's ED dump; GFED5 target)
model/parameters/coupled-gfed5/params.seasia.k3.json,10f3873a6454b9f097ef00cc3f76d7144000c73a473fa9b9f716b0768cde0300,1778,15,Model C (coupled-consistent retune; drivers + GPP from Lei's ED dump; GFED5 target)
model/parameters/coupled-gfed5/params.seasia.k4.json,da6901e2a2f6235af525a3fb9c738bc459f6305a1ac7e306e96acdc16f6f467e,1775,15,Model C (coupled-consistent retune; drivers + GPP from Lei's ED dump; GFED5 target)
model/parameters/coupled-gfed5/params.seasia.k5.json,d44f7971ad7b387dfb90404bd24497eef495d009df35c524306872582ac973a8,1778,15,Model C (coupled-consistent retune; drivers + GPP from Lei's ED dump; GFED5 target)
model/parameters/coupled-gfed5/params.seasia.k6.json,5afb5ff77ea1f051857fceea35df2046b9f4c7e13f055b3f724887bfd9f82589,1776,15,Model C (coupled-consistent retune; drivers + GPP from Lei's ED dump; GFED5 target)
model/parameters/coupled-gfed5/params.seasiacell.json,94f1cae770380838ef1135ddb6369562e063c072a808573ba6b09453e0647c14,1663,15,Model C (coupled-consistent retune; drivers + GPP from Lei's ED dump; GFED5 target)
model/parameters/coupled-gfed5/params.seasiaho.json,a77aadd12ebea796668440730eafa87b8009e9fa49254c11f75a6d3071abe76c,1659,15,Model C (coupled-consistent retune; drivers + GPP from Lei's ED dump; GFED5 target)
model/parameters/coupled-gfed5/params.seasiaseas.json,c11d16f850f06e8fa0d5324372429ecf8efa4f9c008e972ed03c5ce21c8c6438,1658,15,Model C (coupled-consistent retune; drivers + GPP from Lei's ED dump; GFED5 target)
model/parameters/coupled-gfed5/params.seasiaseas.k1.json,c9d0c784e9759821fdc198999542a94ad324263dd93f3b98d93b5c19b8cf6949,1775,15,Model C (coupled-consistent retune; drivers + GPP from Lei's ED dump; GFED5 target)
model/parameters/coupled-gfed5/params.seasiaseas.k2.json,dc65a3786adfa84f828d5b62f83293d1edd60c714098b1cbf2068c8b29f11ff6,1776,15,Model C (coupled-consistent retune; drivers + GPP from Lei's ED dump; GFED5 target)
model/parameters/coupled-gfed5/params.seasonal.json,9c234616050a7ec7ffa52c19e6a449559b53963a6d54baad9240fae89a194203,1623,14,Model C (coupled-consistent retune; drivers + GPP from Lei's ED dump; GFED5 target)
model/parameters/coupled-gfed5/params.seasonal.k1.json,c19320aefebe0ef654df9bf13793fef746151e8f40f87e93701d3c10c2f0d6e9,1740,14,Model C (coupled-consistent retune; drivers + GPP from Lei's ED dump; GFED5 target)
model/parameters/coupled-gfed5/params.seasonal.k2.json,75324b19f4ea0f6659843f29d1f55b45795f669aa5db09577079c14f28263ccd,1738,14,Model C (coupled-consistent retune; drivers + GPP from Lei's ED dump; GFED5 target)
model/parameters/coupled-gfed5/params.seasonal.k3.json,6849d1ba515923c556de2426c6727bb67e6674fba4a31f9fe26bef54658edd7d,1741,14,Model C (coupled-consistent retune; drivers + GPP from Lei's ED dump; GFED5 target)
model/parameters/coupled-gfed5/params.seasonal.k4.json,012912428bcb3ceb59d2ef635cc9f7a1fd9ab95d023548d98921774f0001622c,1741,14,Model C (coupled-consistent retune; drivers + GPP from Lei's ED dump; GFED5 target)
model/parameters/coupled-gfed5/params.seasonal.k5.json,2b587b2a17c88cd012e9074d3a200693c205270e4e9aa261a354e9afdbe3325d,1742,14,Model C (coupled-consistent retune; drivers + GPP from Lei's ED dump; GFED5 target)
model/parameters/coupled-gfed5/params.seasonal.k6.json,40e0ee1b1f33e9ea33421bd4802e7b86dea0282362b5e393204ed70e53955697,1738,14,Model C (coupled-consistent retune; drivers + GPP from Lei's ED dump; GFED5 target)
model/parameters/coupled-gfed5/params.spatial.json,e2723f303fc83db501a2e138e8e348b637525c030be49ffc5439007b4f3f4b7f,1663,15,Model C (coupled-consistent retune; drivers + GPP from Lei's ED dump; GFED5 target)
model/parameters/coupled-gfed5/params.spatial.k1.json,6694b219cdb7756effff4c20117c361a0cd5d55888eeee818ce46200ececf4d9,1779,15,Model C (coupled-consistent retune; drivers + GPP from Lei's ED dump; GFED5 target)
model/parameters/coupled-gfed5/params.spatial.k2.json,ff6a15d42a92dd6fa2ab9266b56416868367be8af60268dc266b2f94ac6b480f,1779,15,Model C (coupled-consistent retune; drivers + GPP from Lei's ED dump; GFED5 target)
model/parameters/coupled-gfed5/params.spatial.k3.json,69636780c2cee3fb93b62b5aec523ebbbfe3374b9d72e127f12a2b24434b0386,1776,15,Model C (coupled-consistent retune; drivers + GPP from Lei's ED dump; GFED5 target)
model/parameters/coupled-gfed5/params.spatial.k4.json,2fe23d9404d8ad65861140a5319a01de541785405356bd31f9592c6d2d8f022c,1780,15,Model C (coupled-consistent retune; drivers + GPP from Lei's ED dump; GFED5 target)
model/parameters/coupled-gfed5/params.spatial.k5.json,a1d0050b4ff883347308bf83e3bcda8dfecce1a370e6adac7ceb191b09767f7e,1779,15,Model C (coupled-consistent retune; drivers + GPP from Lei's ED dump; GFED5 target)
model/parameters/coupled-gfed5/params.spatial.k6.json,e1491511867cec6db829c966742d57a834f5b846f5046b188fb391fd0862a4bb,1777,15,Model C (coupled-consistent retune; drivers + GPP from Lei's ED dump; GFED5 target)
model/parameters/coupled-gfed5/params.tropfix.json,851ab625fb3b5e691368077e6cba3766535f328dfe2a5b7b706db7e8ac3fa52b,1592,14,Model C (coupled-consistent retune; drivers + GPP from Lei's ED dump; GFED5 target)
model/parameters/coupled-gfed5/params.tropfix2.json,6463b0d420ce6cdfed16e46fb808b5de018e4056bea662a06f970fa3efcfbcdc,1600,14,Model C (coupled-consistent retune; drivers + GPP from Lei's ED dump; GFED5 target)
model/parameters/coupled-gfed5/params.tropfix2.k1.json,ccebb9a04ddc6160ffdc355d019ebdc46129b78470d8fab6abc6b6aa8fffc47c,1716,14,Model C (coupled-consistent retune; drivers + GPP from Lei's ED dump; GFED5 target)
model/parameters/coupled-gfed5/params.tropfix2.k2.json,e2de9e5ef16f9a1d4b7cea1b2eafb7f1abe053c9bdad2309d79bcaae1ecc1486,1714,14,Model C (coupled-consistent retune; drivers + GPP from Lei's ED dump; GFED5 target)
model/parameters/coupled-gfed5/params.tropfix2.k3.json,691eca00baefe8d642c78734e3a5665eb964818b80ef90afa22c8b3573a7b023,1716,14,Model C (coupled-consistent retune; drivers + GPP from Lei's ED dump; GFED5 target)
model/parameters/coupled-gfed5/params.tropfix2.k4.json,479c63b919141e127eef2810028137fa8d11681a59570f574012985637541de1,1716,14,Model C (coupled-consistent retune; drivers + GPP from Lei's ED dump; GFED5 target)
model/parameters/coupled-gfed5/params.tropfix2.k5.json,5495c5c3433222919ca582601a2f50f13885f75e6e2142495b6817fa9ab03691,1720,14,Model C (coupled-consistent retune; drivers + GPP from Lei's ED dump; GFED5 target)
model/parameters/coupled-gfed5/params.tropfix2.k6.json,b5dcc2b2863aebdc4eb1f91765438eb5ce06c5b2e79be3ff91a994b72583e00c,1717,14,Model C (coupled-consistent retune; drivers + GPP from Lei's ED dump; GFED5 target)
model/parameters/coupled-gfed5/params.tropfix2.k7.json,7247961452606dcafdf016fae8fc0019717d4c73b65efc38870f90ce626a0459,1717,14,Model C (coupled-consistent retune; drivers + GPP from Lei's ED dump; GFED5 target)
model/parameters/coupled-gfed5/params.tropfix2.k8.json,13972ec88cf45b63e70092520927bbaeb25900a85d973dcf1a3cea2cae553329,1717,14,Model C (coupled-consistent retune; drivers + GPP from Lei's ED dump; GFED5 target)
model/parameters/coupled-gfed5/refit_lei_full_summary.json,d79dedb5637c63d7ac008ed8814f51ac5ef5eb0fee4cf52459af041218a89bf7,937,,
model/parameters/coupled-gfed5/refit_lei_magaware-annual_summary.json,cd8ddcbe7913cc00fe391ce1add2a620a33586a644daddcc4c9ba30faa6b8740,990,,
model/parameters/coupled-gfed5/refit_lei_magaware-monthly_summary.json,4ee39581f1249214db9cb9a42df8cf45a53259197fb9db12bdb51751dff148f8,1020,,
model/parameters/coupled-gfed5/refit_lei_summary.json,37f162c3a3d6e8a49fa26271b122bde140a40ce9ee7efb9192d820740310f3ba,642,,
model/parameters/coupled-gfed5/topk.G_Africa.json,0cbd08e0f4c94699c6b18925c0ab7ebf4f3ab57170c46106c2539a22fdd06275,1862,,
model/parameters/coupled-gfed5/topk.G_Australia.json,c433d71271566e3ee6a3db49aaeb35393906db852d450ff716e6492e693f5ef8,1903,,
model/parameters/coupled-gfed5/topk.G_Boreal.json,f56dbb3fb7821475076cd3c6bf99cd791f8981787398809cb33079f7aee1988b,1860,,
model/parameters/coupled-gfed5/topk.G_Europe.json,9c671b1e09b602b911b8ebfaf367de2719bc09eb15a5dcc46e0fbd829dca30dc,1860,,
model/parameters/coupled-gfed5/topk.G_NAmerica.json,a11c0ffce4a65d7f20e94f6be624911bc548d1f5ee7d5de16aba8c9fa1d28efe,1512,,
model/parameters/coupled-gfed5/topk.G_SAmerica.json,342cfb0c7af322c1cc8ced3ae08d1ff3f5bec2483a37b29cccba9533db6ae428,1512,,
model/parameters/coupled-gfed5/topk.G_SEAsia.json,12252cf095d7cf33e1fadde2f0802e43857aba388425fd9e9a6f9568796ea325,1118,,
model/parameters/coupled-gfed5/topk.Gtrop_Africa.json,fc8bb98e621980695d7dc487f02a81b5e7b6b966f256d287959034eb8c0cbcce,1920,,
model/parameters/coupled-gfed5/topk.Gtrop_Australia.json,a18ab9561831311b543cbe2f55b6ccf93ed680aa8eeb96fdb8749b369c5d0c0b,1966,,
model/parameters/coupled-gfed5/topk.Gtrop_Boreal.json,22c059d5b92c2da2c47c025502a16deb12d4a9eb8cb3901be5cb74cc95bcf18f,1920,,
model/parameters/coupled-gfed5/topk.Gtrop_Europe.json,e928d5d7b2f1d978df40636ecc1f58040c82907ba5df2cdca574ec0955165fe4,1537,,
model/parameters/coupled-gfed5/topk.Gtrop_NAmerica.json,051b509c0050a4b9b9cd948c412abfe5f2aa099f62c48726d4e86107122b4f88,1952,,
model/parameters/coupled-gfed5/topk.Gtrop_SAmerica.json,1b4632614b082c44e9fecf6505df56366aa20aacd35501024b4e51471858b658,1951,,
model/parameters/coupled-gfed5/topk.Gtrop_SEAsia.json,3426e2058168c957ce0ba2e8cad6747fff395176d31ad5254f529b8669a6034a,1922,,
model/parameters/coupled-gfed5/topk.H.json,764762a3e3250b0712f68224725423fc3a5b7d69e2e3b5e0cafbeb57b3ae52dc,1756,,
model/parameters/coupled-gfed5/topk.africa.json,2cb8d999864da647ca12a8bc1cf1ae72ec8f7c719020098def1f0a8ab645b835,1408,,
model/parameters/coupled-gfed5/topk.africafuel.json,d6d2b190c945974015260ad7da2899c3ff99c0c191ba3e491a43c469ca604ee1,2171,,
model/parameters/coupled-gfed5/topk.africaseas.json,971e2658ce09d617c1d3e69307b447d0eb81440bd95923afb8350756987182b5,2160,,
model/parameters/coupled-gfed5/topk.africaseas2.json,1bbe75713ee37e2eda4530e50fbf80e769d8e8ac6addb8a8ed5a211b70069fe5,2346,,
model/parameters/coupled-gfed5/topk.australia.json,35a294cbdafc7ceb439cd9bc25a93a1b46337c050e5020bb923b354e196b71cb,2161,,
model/parameters/coupled-gfed5/topk.boreal.json,aa72c7d37f63775374a867cedea47e0a3e395ba40e5bf5b08f6c917cae0e9ecb,1757,,
model/parameters/coupled-gfed5/topk.borealseas.json,825c5a2929e021daf2d337daedad12d26dac87166b161bfec73fa77a031f09af,1089,,
model/parameters/coupled-gfed5/topk.coupledE.json,3f662cb6c3c7456a82267b01f3473f0d45fddfb571fdca900a64c00555bfbc97,2288,,
model/parameters/coupled-gfed5/topk.coupledE_fx.json,5f204de9f36840bb4a353295c0c7ecc5ec7dbda56982cc369e89642ec89c33e6,2336,,
model/parameters/coupled-gfed5/topk.coupledFW.json,befabf3ae98ea5a3517ac37d9b8d1d118e3d084d82794fb21a064d55799d7215,1872,,
model/parameters/coupled-gfed5/topk.europe.json,c37d2bf69219a6e4f4545ee8793dd160437f17592450c23e4aaad305ac827f38,2105,,
model/parameters/coupled-gfed5/topk.europeseas.json,87cdb7c2e7d2f063c6ac93015911699f72049f9dd84f5be1460fbe71259dcd70,2176,,
model/parameters/coupled-gfed5/topk.namerica.json,1ee14cf835718b61bca3c94fd71a0f9db7f2ec3fb9646a04bf3ff2617a8b7e4e,2140,,
model/parameters/coupled-gfed5/topk.paperD.json,ada7164279cd13866bbef2ac270a3bffb64cb762e19bee347f05a0b02c3517c1,2994,,
model/parameters/coupled-gfed5/topk.samerica.json,e3474956df889b8825a2c53680eeaf898d4a6c9c0d30a3e30ca47307f56c0118,1071,,
model/parameters/coupled-gfed5/topk.samericaseas.json,a01d9498250708156539526db2bf3e4d841c6ea8f9accac1aa015aaee0b48a95,2215,,
model/parameters/coupled-gfed5/topk.samericaseas2.json,85bf3714e20b821285eb0e6908568e885b28d4f040b599ce49acbb66e8164fb9,2401,,
model/parameters/coupled-gfed5/topk.seasia.json,c24a88e44f2dc394a2dd333fb486b078bb282d54904a62bfce7df946990f97cd,2109,,
model/parameters/coupled-gfed5/topk.seasiaseas.json,97ed9c65384cb940e3e3e013f253465cd8192991c1d076790e2e1fa3f6155dac,727,,
model/parameters/coupled-gfed5/topk.seasonal.json,52d3b682ba473a537fb7caf2a2d775acc6b7d85e8e6334c6ceb3670237ff09f8,1508,,
model/parameters/coupled-gfed5/topk.spatial.json,558ad0fa5fbb606cfc501c86af207ee7a3d22302b6c8c160416d856b825ad799,2128,,
model/parameters/coupled-gfed5/topk.tropfix2.json,cf7e0ff2bb7d71e03b3a4eba37d8a8ceffe58552260c0f3d061312ccebb2802d,2010,,
