iso3,admin,continent,burned_frac_pct,p_ann,t_air,gpp,f_past,f_scnd,f_human,gdp_pcap
ZWE,Zimbabwe,Africa,13.461340358211304,638.8724393696995,22.03001220856536,0.31362600239515254,0.31544125169290077,0.16040554775020605,0.4758467994431068,1154.1388039771705
ZMB,Zambia,Africa,50.491651407400624,972.9424515376119,22.592099358319924,0.6098032348181724,0.25903321682185043,0.11391265199995883,0.37294586882180925,1159.2876478976527
YEM,Yemen,Asia,0.007787727867317439,171.9766041103107,23.285356459395267,0.0471991038184224,0.5033582545308851,0.37300327295779256,0.8763615274886777,935.0115655608926
VNM,Vietnam,Asia,11.682658657145547,1775.5112848116914,24.138195239377986,1.8139964807772881,0.0236959315614516,0.257475798631304,0.2811717301927556,1797.6074479776137
VEN,Venezuela,South America,5.575095862563933,1949.7463595420215,25.66802586289025,2.2683094728071347,0.2099380528582848,0.07188228540853026,0.2818203382668151,6562.977252179936
VUT,Vanuatu,Oceania,0.030606893324464132,998.7390824507535,8.154634477365752,0.6989683043983165,0.0036397779604324045,0.047767185274667785,0.05140696323510019,2699.199492863053
UZB,Uzbekistan,Asia,0.9581135216915305,175.04330935508622,9.37633328243193,0.0007115493234542778,0.3369328916776923,0.04461354520523901,0.38154643688293133,1667.1932802027573
URY,Uruguay,South America,1.5790602908965843,1308.740210820989,18.585299455331317,2.5628396532582998,0.6898705944206097,0.11833177790603916,0.8082023723266489,12175.972521421336
PRI,Puerto Rico,North America,0.7195762624420848,2318.130867004395,24.894289758470325,2.4854925557009526,0.1774777964456007,0.38255261257290846,0.5600304090185091,25911.46341985121
USA,United States of America,North America,0.7385448117391097,689.2663713087495,9.659867857266368,0.4549174997911544,0.26595115474392567,0.24933637846990603,0.5152875332138317,50842.81771956019
GBR,United Kingdom,Europe,0.2908584815438726,1135.2381942415172,8.72006224011081,0.9085883033380232,0.4210904695600946,0.2049960903865209,0.6260865599466154,41434.499874516034
ARE,United Arab Emirates,Asia,0.0017259548128199028,7.359894120285996,4.91314880653411,7.796875301116069e-06,0.003477350050398528,0.16926756225440626,0.1727449123048048,42678.54665562461
UKR,Ukraine,Europe,7.203214941548458,555.6390650484932,9.442815290825886,0.35867727075334577,0.12727430409456103,0.10408299331821398,0.231357297412775,2664.3218231201186
UGA,Uganda,Africa,20.888890899692953,979.363033968178,19.335398728846982,0.36838524983927096,0.21079311237923193,0.25815481100636345,0.4689479233855954,619.0414928038316
TKM,Turkmenistan,Asia,0.7381417284525906,96.32625209719026,9.889738735016216,8.249894811469662e-05,0.3861973100699552,0.028009692639297732,0.414207002709253,3749.208247243479
TUR,Turkey,Asia,1.922356040587126,594.973684967529,11.482204436350969,0.38047278318182526,0.1598479569981098,0.17764951551314015,0.33749747251124995,9086.446018126839
TUN,Tunisia,Africa,0.16590308197058218,260.7939626383564,17.909710525143073,0.06833684233030449,0.29555591333600084,0.2580853937273787,0.5536413070633796,3645.3595388474123
TGO,Togo,Africa,60.49974600513775,1228.1061881428393,27.493600192819102,1.158292221195924,0.07797726926178146,0.6270563538125075,0.705033623074289,751.6621238769922
TLS,East Timor,Asia,3.64681543672282,1337.186823815759,24.32206181867937,1.1939991740969655,0.12792612556450575,0.20650743885421316,0.3344335644187189,923.8040336652633
THA,Thailand,Asia,14.65996267924831,1610.309554376792,26.775206624166366,1.3166295732594413,0.017847487634290272,0.1599255513324655,0.17777303896675578,4752.362017175577
TZA,United Republic of Tanzania,Africa,22.640131810594873,818.4020844078003,21.26307497795545,0.8509057330807634,0.24678041203109613,0.1592936244648317,0.4060740364959278,749.3145919799811
TJK,Tajikistan,Asia,0.277870881521974,562.4809097657125,2.7666925499203665,0.03077799651132352,0.21878388236575705,0.24231304932462236,0.4610969316903794,663.1430656861066
SYR,Syria,Asia,1.4572827156805124,287.83823388591725,19.325573809057545,0.04602414313347149,0.42805302127316774,0.267020097368243,0.6950731186414107,1491.0718846289
CHE,Switzerland,Europe,0.0901319445975429,806.0497533805027,5.074993416650938,0.5403222669092197,0.19234191772320516,0.38341187895435325,0.5757537966775584,73437.23983928331
SWE,Sweden,Europe,0.09492097181366836,613.7547602494143,2.9918953716227676,0.7424912109068083,0.01047903480641525,0.7320812815880301,0.7425603163944453,49435.36155909083
SWZ,eSwatini,Africa,13.231941710927808,737.0153464290556,20.04217783820477,1.1683512282228288,0.6189135688941059,0.25801244014241337,0.8769260090365192,3216.2501124377095
SUR,Suriname,South America,0.29023062663271504,2185.0989933140704,25.111783990639452,2.6768065408070556,0.0009850058140119368,0.0073952758745004085,0.008380281688512346,5923.352629300511
SSD,South Sudan,Africa,64.8539548977347,991.6692644629876,29.11675652287024,0.2223542322621173,0.6649230364748674,0.1258787963160479,0.7908018327909153,1375.87731816094
SDN,Sudan,Africa,6.449702451575964,247.68812672430496,28.494004420058054,0.004889605184044993,0.37014630295405987,0.21193309858813028,0.5820794015421902,990.6832443237308
LKA,Sri Lanka,Asia,5.047721605637182,1657.2303199179464,25.303788614383883,1.6295155953117928,0.061687663357663534,0.310995392956872,0.3726830563145355,2687.747833704595
ESP,Spain,Europe,0.819114422671206,618.3507886921309,13.46431992820541,0.7450679186595057,0.20202124818407705,0.24626071160808885,0.4482819597921659,27647.638466123055
KOR,South Korea,Asia,0.5695542063184099,1298.3471078762357,11.115025723169795,1.36412062857201,0.004308070530851177,0.49509418350014367,0.49940225403099486,25055.173159573365
ZAF,South Africa,Africa,4.347093583438609,454.8345221791433,19.013364855383532,0.35776119880516216,0.6857492603398893,0.18242574388333496,0.8681750042232242,6108.992158873371
SOM,Somalia,Africa,0.41944674314197833,296.4941191911894,27.459339454942807,0.06284042395237968,0.508178387152146,0.4437080937323595,0.9518864808845056,394.0022729282733
SLB,Solomon Islands,Oceania,0.003376099967334322,2245.9698847053833,18.342905453757254,0.8763179245589864,0.003044980372690092,0.04671131432674622,0.04975629469943631,1663.010987526577
SVK,Slovakia,Europe,0.39351126208257087,791.4963179011819,8.541322423901653,0.5816308956052514,0.10659116648074637,0.5893291529590962,0.6959203194398426,14543.799761824843
SVN,Slovenia,Europe,0.07914021783671307,1408.9271281153963,9.516616296383653,1.4317835556811325,0.13577086952544776,0.7434537061841411,0.8792245757095889,21377.850923105412
SLE,Sierra Leone,Africa,52.98171601571993,2591.1747957530342,26.194545748561506,1.3688374823804264,0.3060807871726981,0.23617043522219727,0.5422512223948954,717.6939209856172
SRB,Republic of Serbia,Europe,3.8777359556507185,779.628338813787,11.81633098547672,0.8860326918645607,0.10865535471432455,0.41709786181100583,0.5257532165253304,5706.749128032643
SEN,Senegal,Africa,28.89611476051945,744.9678149810622,29.069723744649735,0.08718057985212685,0.23374870645948445,0.6488271986637557,0.8825759051232401,1193.8134191662566
SAU,Saudi Arabia,Asia,0.01654751544062642,73.75152369784556,19.892359490252414,4.9219227804614274e-06,0.5433063219630316,0.21862082420358145,0.7619271461666131,21224.293090531002
RWA,Rwanda,Africa,4.444416243330464,869.7880240351187,16.097372802855464,0.47554839819995703,0.16837477881092444,0.09736360866937528,0.2657383874802997,555.0620345171
RUS,Russia,Europe,2.6459136863355006,437.09991960984235,-2.3832992858086555,0.3695830161953558,0.050051501180371855,0.34108983052458475,0.3911413317049566,9242.258410644532
ROU,Romania,Europe,3.0194033827535063,668.9074718545658,10.25877474472627,0.6327432305688346,0.18860455461758355,0.23974376904045752,0.4283483236580411,8085.148835988733
QAT,Qatar,Asia,0.001276166652168859,37.80286161854465,18.119002067162846,0.00011030512549029079,0.022810766332002047,0.2326264132535996,0.25543717958560164,66076.44395369657
PRT,Portugal,Europe,2.258894901425854,801.0623682600806,14.410932167316297,1.1730410603627224,0.17754110671252116,0.25645965007758575,0.4340007567901069,20403.78613771193
POL,Poland,Europe,0.352420377255421,602.5260453444308,8.874265021116567,0.6570986269630429,0.06362383072943614,0.6013964446901536,0.6650202754195897,11538.347331598115
PHL,Philippines,Asia,3.8376101647120966,2551.561244825617,24.568226010860176,1.5961824716414377,0.04495568962264505,0.30474716527926193,0.349702854901907,2191.696265631922
PER,Peru,South America,0.8334893127006572,1619.9327526428556,18.978043873095192,2.2284548287815205,0.12538805115173352,0.08155195182496776,0.2069400029767013,4823.012563633097
PRY,Paraguay,South America,9.845439305923131,1156.5043129248113,24.645396288072924,1.0627688300764147,0.3001122170659321,0.07680187284815854,0.37691408991409064,4336.152431537406
PNG,Papua New Guinea,Oceania,0.9143055179703943,3082.0023695944265,22.980489656784435,3.4370494786380177,0.004282623978000174,0.12620408042304793,0.1304867044010481,1785.7041060178854
PAN,Panama,North America,3.1873994095852827,2409.9577566556686,25.01595427116598,2.548498606730907,0.1959869687108474,0.08577705013260722,0.2817640188434546,9703.74818242426
PAK,Pakistan,Asia,2.0228145945489,247.00905835341402,17.359980892534676,0.036182591244688964,0.04236725627192468,0.5138098441156982,0.5561771003876229,1089.4818223767384
OMN,Oman,Asia,0.0031109278239206946,47.64464353100921,25.826738632667457,0.00367214892967202,0.04113517098197645,0.8602505430123898,0.9013857139943663,18438.054312234945
NOR,Norway,Europe,0.05129987322533527,795.7898093041737,1.7552823280931478,0.4960498183804283,0.010099185565002092,0.4761153399428864,0.4862145255078885,78481.70022294405
NGA,Nigeria,Africa,23.413028205113147,1143.0990479844247,27.38815363127833,0.4149310651383434,0.2634884358527664,0.2091171297404901,0.4726055655932565,1969.912023362501
NER,Niger,Africa,0.29509097515943344,155.76250061599845,20.39427674185163,0.0007118579938580327,0.1486363334585257,0.4862035616863526,0.6348398951448783,439.7497264059413
NIC,Nicaragua,North America,5.246654705589388,1981.4950919281323,22.52608501700799,1.8282218698824413,0.22604387227350628,0.249224993074373,0.47526886534787927,1603.229198477651
NZL,New Zealand,Oceania,0.12516194270358258,1507.9963418859265,9.657388809253051,2.181919536900958,0.3782728219572129,0.22821001491982149,0.6064828368770344,33708.635523746176
NLD,Netherlands,Europe,0.2406061971713205,752.113577422618,9.934037874931974,0.579405242802463,0.1928105853768605,0.37297976233141966,0.5657903477082802,47467.68479953955
NPL,Nepal,Asia,5.234858707584049,1195.8243656327763,13.981606040059631,1.1539283824651534,0.09334760651689687,0.27255199162183863,0.3658995981387355,654.2935574672174
NAM,Namibia,Africa,3.5222091832932723,278.202165512261,19.605702718863625,0.0053046011025446645,0.45944167715691214,0.1736160496391192,0.6330577267960313,4320.1619827468685
MOZ,Mozambique,Africa,36.48185815883309,905.2605520609741,23.779601049514454,0.6589750182636969,0.384018169926802,0.12689158685983648,0.5109097567866385,505.2969694124373
MAR,Morocco,Africa,0.05731962888063833,238.03463035425403,18.150258091341154,0.13760418287914075,0.4097903623813481,0.20199063635782416,0.6117809987391722,2858.8970458984395
MNE,Montenegro,Europe,1.676765727254362,1363.6740660906114,9.398782006604739,1.1551666012283237,0.1524629334001763,0.7097294719533063,0.8621924053534826,5968.6565562268715
MNG,Mongolia,Asia,0.6795810816394351,212.83050165085746,1.4199495710144032,0.012248938935311657,0.7195615583202687,0.14257019305071683,0.8621317513709855,2651.651135232677
MDA,Moldova,Europe,3.908620972845757,497.93250718884434,11.219039647257238,0.31990269220960604,0.11467408750229197,0.23989131250358858,0.35456540000588055,2371.838419955654
MEX,Mexico,North America,3.8341317023561716,762.4353898294369,20.432827997689408,0.7907918316815112,0.39308931850841416,0.11595971647989106,0.5090490349883052,9514.76369088446
MRT,Mauritania,Africa,0.15765254860952344,83.75811026407543,15.395424767182922,0.00034582224743451317,0.2678708824823747,0.2380921828999881,0.5059630653823628,1438.4230275976956
MLI,Mali,Africa,10.288512736538582,310.41541873980515,21.528923481035612,0.027659623193037504,0.19393705369210087,0.48925852075366627,0.6831955744457672,751.829177602723
MYS,Malaysia,Asia,0.553102626188848,2978.8235948085203,25.902853441181076,2.540306687433659,0.008514562908713597,0.2210900368684685,0.22960459977718212,8209.491788408835
MWI,Malawi,Africa,20.74200820012441,682.016689321805,16.07712960194547,0.47475012281300766,0.16565525870608375,0.24626316697950346,0.41191842568558723,508.7789362970868
MDG,Madagascar,Africa,24.35734801296613,1449.0852727237418,22.47371919946358,1.5201046333232693,0.6244791839842885,0.10100864941301771,0.7254878333973062,428.5161959396902
MKD,North Macedonia,Europe,1.4490439268507223,692.4577754916837,10.827828017837307,0.8272792870365724,0.2782133497532091,0.3014590188443731,0.5796723685975822,4671.423444042345
LTU,Lithuania,Europe,0.5631403336558725,690.4871965202996,7.4086188391239824,0.938980141613083,0.11832347961620572,0.5211248059476354,0.6394482855638411,12692.280397926157
LBY,Libya,Africa,0.004229563946212951,31.611482098695184,16.470348770516864,0.0019229944695403282,0.05560659067004294,0.5945621823404976,0.6501687730105405,9050.910408307474
LBR,Liberia,Africa,12.5052676811915,2485.4485237896615,24.897436014062578,2.592341748419609,0.11554005146358402,0.23830985795014875,0.3538499094137328,509.80364539936545
LSO,Lesotho,Africa,2.5394808025174234,781.7455909419897,12.947189193885787,1.6496371928440547,0.21153593693920159,0.370082019649051,0.5816179565882527,943.6996164385585
LBN,Lebanon,Asia,0.6532376760095495,675.5128786548646,16.195678470564115,0.555523468576718,0.3382352680645218,0.24152415476205996,0.5797594228265818,6618.256932508593
LVA,Latvia,Europe,0.7662400657229115,682.332531745791,6.790303411262968,0.992337474747045,0.09340141241861492,0.34753524460004903,0.44093665701866397,11878.384493954156
LAO,Laos,Asia,26.863278630364515,1845.104039447203,23.939623059608387,2.2519267376215883,0.032385476404215144,0.17000077313794526,0.2023862495421604,1369.053641770574
KGZ,Kyrgyzstan,Asia,0.6246022572681605,453.00353126770386,1.5903935085613408,0.019411916601816116,0.4360035613328966,0.09406818055095721,0.5300717418838538,904.2210727864594
KWT,Kuwait,Asia,0.0028580548855583194,107.11025598553918,26.873621552571947,2.9004866702818833e-05,0.09265303364246232,0.7820524239732257,0.8747054576156881,35711.16248117578
KEN,Kenya,Africa,1.563392208514219,664.5755750327629,24.297924735702196,0.4645881463968457,0.36386291436307217,0.2761922427035055,0.6400551570665777,1125.4394799595423
KAZ,Kazakhstan,Asia,4.755238868681175,234.4030695489091,5.931645956890286,0.009764733850829955,0.5777643065496813,0.06452159278137083,0.6422858993310521,7506.294620987613
JOR,Jordan,Asia,0.025814894194545454,103.60986412098737,19.57804484759293,0.006491412482054508,0.0909898521880872,0.8673103518486062,0.9583002040366934,3535.6216200976755
JPN,Japan,Asia,0.14374167276924815,1480.1786848108259,10.094650870172396,1.554315694187431,0.0034734475213760354,0.7633750812267026,0.7668485287480786,39936.27566691219
JAM,Jamaica,North America,1.331637294619577,1577.7424888610842,18.84473701318105,1.8493955614257875,0.1293269063171465,0.288683638907969,0.4180105452251155,4817.701269398679
ITA,Italy,Europe,1.7133487742104783,793.1899595910738,12.274303050948996,0.9286936751458369,0.1321207117515373,0.4582417048652013,0.5903624166167386,33000.882584791456
ISR,Israel,Asia,0.8446890203683618,278.20580968704917,19.38179369845901,0.19733815813843952,0.04874730957693079,0.6817217255435777,0.7304690351205084,31419.88951549424
PSE,Palestine,Asia,0.6460356663837697,364.545163972597,19.898156909200598,0.4468454762856979,0.11359715751081696,0.6728974274745454,0.7864945849853624,2511.115259680134
IRL,Ireland,Europe,0.10059979438690739,1154.8730358282237,9.315110741998451,1.5305871424805317,0.4493908097197976,0.35202905037690974,0.8014198600967073,57005.156851210064
IRQ,Iraq,Asia,0.6422202430269086,181.8495700400859,23.8629473764099,0.0006805627439162144,0.10976812799720871,0.7700943471989962,0.8798624751962049,3951.797480758915
IRN,Iran,Asia,0.32013832851617796,191.1740090072599,17.2166560226267,0.025286468379755653,0.16079762491645325,0.6736096895563923,0.8344073144728456,4692.931567786637
IDN,Indonesia,Asia,1.4968913369115853,2707.5023835629236,24.527159598954178,2.540963311009293,0.04939173198017018,0.24721752264831415,0.2966092546284843,2623.0711256319437
IND,India,Asia,5.093420353677614,1074.7790558876409,23.265377823033436,0.42591882798137454,0.030746377467693344,0.17337939160910112,0.20412576907679447,1253.739535216265
ISL,Iceland,Europe,0.00580200282992781,904.4518669799121,1.3562272481245616,0.27860646386704874,0.14751007018235843,0.3546033209615602,0.5021133911439186,53672.89183511385
HUN,Hungary,Europe,1.648264015128785,617.8660546810225,11.940172280134476,0.28960445670322893,0.1132189828478171,0.34813120615937965,0.46135018900719676,12763.135710509108
HND,Honduras,North America,8.596836214076374,1870.8899301278366,23.85281477145533,2.403656299939731,0.14499726690205988,0.391156779527397,0.536154046429457,1853.8996498877543
HTI,Haiti,North America,1.9727567967622128,1570.8147937214087,24.544862003573577,0.5561131791571019,0.18030415632298655,0.10207797387936378,0.2823821302023503,1133.876604668916
GUY,Guyana,South America,0.9371849321591198,2323.6747297773163,24.929512187611063,3.07294357894742,0.024457388393393387,0.045223257463211264,0.06968064585660465,4142.920438033771
GNB,Guinea-Bissau,Africa,29.570730091642602,1541.015230176007,25.0133786345546,0.4686188652384234,0.09248861303543295,0.26136275730877323,0.35385137034420616,601.5214666470343
GIN,Guinea,Africa,62.86718904472029,1783.2614604960886,26.22198986719568,0.7479237663239895,0.43111906427817537,0.21089113284452732,0.6420101971227027,693.8261867478343
GTM,Guatemala,North America,10.965820700250676,2143.9386016732738,23.025589820273893,2.394042027106602,0.1718553500929148,0.34025183510795015,0.512107185200865,3044.548064780336
GRC,Greece,Europe,1.5898981006572022,612.5717849439163,12.364244046346343,0.4648868469687315,0.20200191047992197,0.2514336465100358,0.45343555698995774,21494.947031568296
GHA,Ghana,Africa,55.92172759940595,1109.0400450451823,25.693095807179212,0.6630046078891949,0.2355129187068985,0.41612840114794525,0.6516413198548437,1338.792819164926
DEU,Germany,Europe,0.1454649594673556,734.0247170532995,9.713626135828164,0.19716973766286275,0.14457157684093644,0.4697847403487126,0.614356317189649,41161.09017632519
GEO,Georgia,Asia,1.2482808013673772,1113.4406397387136,8.645687979486818,1.299974145871975,0.19295489054827789,0.6936780894407869,0.8866329799890648,3218.0801448594875
GMB,Gambia,Africa,25.81533909356484,1036.968744154566,27.637272389356095,0.04810308613163739,0.16573619333169035,0.44280450298581203,0.6085406963175024,641.052712216426
GAB,Gabon,Africa,2.1619297902649364,1848.0079976677957,24.734256040064444,2.755403372166319,0.05953659911248192,0.03856102024824983,0.09809761936073175,7247.275366377349
FRA,France,Europe,0.25855216211043114,1041.2809755924,13.194598145414517,0.9760865729227806,0.1494338367942754,0.3749158742265716,0.524349711020847,37706.1699000185
NCL,New Caledonia,Oceania,0.2210272459782393,1360.458670098382,18.31588035182684,2.0396456893333355,0.0844502315311475,0.04922108221607004,0.13367131374721755,30727.682218902803
FIN,Finland,Europe,0.1074148688678456,563.2937849600354,2.3353865650143053,0.529832524852264,0.002437736598420098,0.4270432579446851,0.42948099454310523,43822.418106222576
FJI,Fiji,Oceania,4.2307814658549665,1274.888316568713,11.661351881107755,1.4668095089202233,0.07105481683961258,0.1145528339923552,0.18560765083196779,4106.309808650366
ETH,Ethiopia,Africa,10.558927102938258,834.703976388242,23.698490989449482,0.7496491931435763,0.18825442576714266,0.21927953414347176,0.4075339599106144,410.3196037686462
EST,Estonia,Europe,0.26840047527924316,645.4926089899234,5.89743799701748,1.0353456997086774,0.06163459026380702,0.5994374018508399,0.661071992114647,15859.015337905628
ERI,Eritrea,Africa,0.3570175300410033,262.47613507600107,27.22190354645609,0.04428678017174099,0.5379792436691244,0.07534596265762407,0.6133252063267485,464.4134682776884
GNQ,Equatorial Guinea,Africa,1.0474722903520142,2141.457727270025,21.221742369176418,3.0130906616169666,0.014354913934449405,0.31685305047030055,0.33120796440475,10002.254799126273
SLV,El Salvador,North America,6.115816865898809,1648.890043264841,25.088845019774798,0.6640806686329751,0.03661635100945484,0.5309234395667588,0.5675397905762136,3191.680332167837
EGY,Egypt,Africa,0.1457260084371132,12.038450466270866,21.716815067213805,0.004203874627676326,3.707895625479634e-05,0.8788010962556929,0.8788381752119477,2228.8421386605864
ECU,Ecuador,South America,1.6333037656356146,1962.9843321548472,19.30816377172319,2.5122228758530287,0.12237325384273097,0.16885018399880192,0.2912234378415329,4527.747605270807
DOM,Dominican Republic,North America,3.0151692315734384,1440.0301760077955,22.549775383737074,1.5003870943978392,0.21494275168359395,0.10393757697538143,0.31888032865897536,5397.221006398713
DJI,Djibouti,Africa,0.004058133341514237,215.7931419663655,28.585084259789717,0.00546162249055661,0.5293130758310777,0.39675748022954593,0.9260705560606236,1607.730452352842
GRL,Greenland,North America,0.0006412783136612039,19.637528775078078,-0.11664259958674182,1.2045073682332228e-06,0.0,2.6203517178201193e-06,2.6203517178201193e-06,41900.38233645557
DNK,Denmark,Europe,0.2824299689145187,663.8091090017294,8.180372383100464,0.2894231722714552,0.032217300601664105,0.16843962256615203,0.20065692316781614,54148.14789962971
CZE,Czechia,Europe,0.1861605266595123,677.9442632181137,8.842762902109593,0.6815975553909146,0.12040742311416462,0.5006788460745218,0.6210862691886865,17875.724790180535
CUB,Cuba,North America,7.000184788309052,1377.685251659741,25.01179419534779,0.9446709212216143,0.21063766253914,0.11818348131735255,0.3288211438564926,5973.501075522472
HRV,Croatia,Europe,1.676250761143882,1079.3302934937296,12.049948299348129,1.2438597629696018,0.07692644895077812,0.5637172782951569,0.6406437272459351,12532.239801673926
CIV,Ivory Coast,Africa,33.47400978875543,1303.626097151676,26.843546309902077,0.8591295938621585,0.38887716896570257,0.17478821189921753,0.5636653808649201,1584.6152085867757
CRI,Costa Rica,North America,2.7011605052257592,2954.983048657343,23.963628354408186,2.8639914723508166,0.24970866826653418,0.3678160795982692,0.6175247478648034,8503.928874145264
COD,Democratic Republic of the Congo,Africa,30.58079144648978,1467.70969148545,24.295849138795976,2.1476627573440132,0.08123164751868901,0.13492768578343373,0.21615933330212272,351.2008466948722
COG,Republic of the Congo,Africa,14.248596426598862,1598.7487776787993,24.98693080056801,2.0384479511431475,0.2812832894866108,0.06478168580229787,0.34606497528890867,2329.4825979257826
COL,Colombia,South America,2.862259600301783,2586.148375268478,24.532227192055682,2.6205950285753032,0.3317525001204658,0.09877935502036213,0.4305318551408279,5426.618966941409
CHN,China,Asia,1.1154429536710395,590.5930376722711,7.423764287733092,0.5056275004044496,0.411085233009876,0.20017305676514913,0.6112582897750252,5363.112641870794
CHL,Chile,South America,1.0948507117677517,764.9635740293443,8.996299159255557,0.8083757875174463,0.1705960222825095,0.14704567445885386,0.31764169674136333,11281.466765699175
TCD,Chad,Africa,12.491924804012701,329.274124225043,22.643299445855305,0.010234863299885141,0.2945961062469015,0.46822508400666285,0.7628211902535644,894.1494910369031
CAF,Central African Republic,Africa,56.477866891777964,1362.8544806190753,26.759504400655217,1.633759599798036,0.05525975668589147,0.06032785224316176,0.11558760892905323,393.58373991461315
CAN,Canada,North America,0.3573840711296043,498.76988009731656,-1.836081845076962,0.3786103689297627,0.02101286370502811,0.08643799224436326,0.10745085594939137,42059.08741119305
CMR,Cameroon,Africa,23.68277448122447,1589.1983767967263,24.836018025344732,2.0272767029654233,0.051738908970628834,0.1717063706312556,0.22344527960188443,1345.0684068517467
KHM,Cambodia,Asia,31.052838190666858,1792.7741835433958,26.53010335005645,1.788981557834974,0.07258341067485644,0.20305839079931748,0.27564180147417394,1124.237802276233
MMR,Myanmar,Asia,22.071779043090025,2036.8625301734119,23.81304625413023,1.7061733191633681,0.08946430752617032,0.26005736815699904,0.3495216756831694,846.5732110244735
BDI,Burundi,Africa,12.351565015197057,1111.3794698531135,18.790429145568837,0.6627798248206354,0.18799822338331734,0.2212218054689681,0.4092200288522855,199.11493081988385
BFA,Burkina Faso,Africa,20.923302315811515,823.5507465105072,29.65383267782975,0.14468112623828183,0.20373513511311075,0.5998204453409117,0.8035555804540224,596.0142821422545
BGR,Bulgaria,Europe,4.43744605412256,678.0327537872973,11.56895032109851,0.7256613021512887,0.15306261195589996,0.5084726544103391,0.661535266366239,6565.156426607267
BRA,Brazil,South America,4.135141907206826,1768.2174338168463,25.76655258123331,1.8331627817313574,0.23218878882971924,0.05338457643328708,0.2855733652630063,8192.923131277155
BWA,Botswana,Africa,4.8236782747366345,395.0116459378672,23.356928547101653,0.0011207756073371871,0.4421661049812177,0.12917365100538522,0.5713397559866029,5854.721537723524
BIH,Bosnia and Herzegovina,Europe,1.5291206686095071,1120.0413816665691,10.416184238631002,1.1678436136411539,0.13300410024041606,0.5801783672431478,0.7131824674835638,4217.994334760241
BOL,Bolivia,South America,4.472482529060549,1114.741530883253,20.500712721230848,1.5376211487984928,0.2986403462715651,0.11080782055270674,0.4094481668242719,2273.473048841358
BTN,Bhutan,Asia,1.1254327473963648,1725.7891890541305,6.393738912590419,1.519329882038926,0.1655326557255504,0.42981765958955676,0.5953503153151072,2273.468050027363
BEN,Benin,Africa,46.0478030057921,1019.6576470363314,28.21831915807679,0.6158156510567189,0.06168176369756014,0.6493876422909126,0.7110694059884728,954.3692863326676
BLZ,Belize,North America,5.903466248787579,2050.023559054242,25.172541431361914,2.259915928180057,0.024030762592255363,0.19352235637109,0.21755311896334537,5601.253403581325
BEL,Belgium,Europe,0.2355308272529519,905.8617903227537,10.794492650546124,0.21462076769402966,0.26777185517167756,0.348652519987984,0.6164243751596616,41292.657889359616
BLR,Belarus,Europe,1.6353875909825264,647.109528197274,7.58255462295188,0.7473318553256594,0.14536654001966504,0.22779961074174665,0.3731661507614117,5137.402655007156
BGD,Bangladesh,Asia,3.101006581344294,1982.792641229401,25.844336903572017,0.561722027449256,0.04226465147467036,0.31580060771587154,0.3580652591905419,1000.3691140353234
BHS,The Bahamas,North America,0.5877355365348843,424.388647792981,8.332070648657446,0.43687820363627794,2.854820580441959e-05,0.1568112113442441,0.15683975955004853,28777.30443237877
AZE,Azerbaijan,Asia,3.493099565205409,524.5530766937057,12.23181849790479,0.38301275321255096,0.2930345670872599,0.23158311086480343,0.5246176779520633,4271.112876051807
AUT,Austria,Europe,0.06668612002796616,1128.397593022724,7.023663748069471,0.8239379195536323,0.1624070136144968,0.589568099649663,0.7519751132641598,43881.34125572785
AUS,Australia,Oceania,7.092387891577579,468.1346887606962,22.518256812819278,0.18304447984628933,0.43538940855269687,0.13366336444025365,0.5690527729929505,47013.503441855064
ARM,Armenia,Asia,1.7943453423798674,523.6789112922345,6.518421966624935,0.43570640681359213,0.3265437867199486,0.2960270335227452,0.6225708202426938,2898.849650647858
ARG,Argentina,South America,2.8273555678085347,592.4551992572289,15.195356078875804,0.6346842918574906,0.3223025538601227,0.10349923588747856,0.42580178974760124,9237.886011036815
AGO,Angola,Africa,42.70063851509097,1033.5454404527245,22.922817747832276,0.772373690440388,0.322594632544115,0.07943224840539319,0.4020268809495082,3148.2058752463654
DZA,Algeria,Africa,0.09170665088786455,71.62691820971072,13.280894723350793,0.04111162881362708,0.09805571755861636,0.4460993897957231,0.5441551073543395,4240.154360363499
ALB,Albania,Europe,1.9671049605808342,1175.419243023309,13.01931458132248,1.20696122228196,0.11389852958894933,0.6008243213217488,0.7147228509106981,3965.3711026157553
AFG,Afghanistan,Asia,0.055570298571198815,139.19284242926594,10.80037233795516,0.0039826370518152845,0.2134016371143798,0.10645458813520982,0.3198562252495896,433.4716220485748
