iso3,admin,continent,ncell,burned_frac_pct,p_ann,t_air,gpp,gdp_pcap,fire_resid,gdp_resid
ZWE,Zimbabwe,Africa,135,13.461340358211304,666.025764871068,21.940867758842778,0.3123016083355093,1154.1388039771705,0.5979712916884936,-0.30414984266107803
ZMB,Zambia,Africa,249,50.491651407400624,969.2710218632475,22.54979443091972,0.5982565457811801,1159.2876478976527,1.0798557004569047,-0.3265237722480778
YEM,Yemen,Asia,155,0.007787727867317439,174.46661937955233,23.29000885728908,0.045438810968352325,935.0115655608926,-2.2335580529553116,-0.3052169271392353
VNM,Vietnam,Asia,113,11.682658657145547,1778.9482587152202,24.135190956199832,1.840832762224067,1797.6074479776137,0.33586021336690375,-0.19372841690170928
VEN,Venezuela,South America,292,5.575095862563933,1976.2690667943514,25.627302450016092,2.2569520326849832,6562.977252179936,-0.05901141636552387,0.3995003657968512
VUT,Vanuatu,Oceania,3,0.030606893324464132,988.3269350783902,8.15655961005051,0.7019996530076359,2699.199492863053,-1.3856665010399472,-0.5389174986567022
UZB,Uzbekistan,Asia,194,0.9581135216915305,175.43741131366818,9.380024199335843,0.0006068931812358868,1667.1932802027573,0.9188336911405616,-0.4918090126085093
URY,Uruguay,South America,70,1.5790602908965843,1304.0460627794287,18.552518066994036,2.517988229755473,12175.972521421336,-0.25751535141881465,0.2851406245381498
PRI,Puerto Rico,North America,3,0.7195762624420848,2255.971372477214,24.934551493326822,2.430721596100281,25911.46341985121,-0.8983447095800806,0.9793488907733066
USA,United States of America,North America,4456,0.7385448117391097,688.0423557300221,9.618568483428657,0.44955652199875695,50842.81771956019,-0.031450301639173034,0.8091980547800608
GBR,United Kingdom,Europe,133,0.2908584815438726,1150.6353161848388,8.730245787705803,0.8845607437603453,41434.499874516034,-0.45050979622352283,0.6518285972424009
ARE,United Arab Emirates,Asia,23,0.0017259548128199028,7.66350828618794,4.916981974590153,6.910646690038924e-06,42678.54665562461,1.3789034323429217,-0.20376005306007805
UKR,Ukraine,Europe,289,7.203214941548458,558.8903461765454,9.342085248479904,0.3569806482986936,2664.3218231201186,1.0131209102361483,-0.4783626263160965
UGA,Uganda,Africa,81,20.888890899692953,971.385540128954,19.27972812648244,0.3906138605066196,619.0414928038316,0.8828216700164582,-0.6450628443396633
TKM,Turkmenistan,Asia,195,0.7381417284525906,94.28620060243993,9.903917882911507,7.27043178143954e-05,3749.208247243479,1.3193806261196475,-0.40641095778947367
TUR,Turkey,Asia,325,1.922356040587126,591.3584704429386,11.418400657459145,0.3715787154964603,9086.446018126839,0.3188189165816484,0.13710625235768914
TUN,Tunisia,Africa,61,0.16590308197058218,258.13392357784784,17.894789275937832,0.06429970566207133,3645.3595388474123,-0.7937888050668416,0.10182842692548366
TGO,Togo,Africa,18,60.49974600513775,1227.3913480838714,27.452545445042137,1.1476527059673944,751.6621238769922,0.8739388334870856,-0.41403021659033135
TLS,East Timor,Asia,6,3.64681543672282,1342.2979645534258,24.288365317181082,1.198383244295871,923.8040336652633,-0.18018710640530622,-0.4374129311353938
THA,Thailand,Asia,173,14.65996267924831,1607.4726229999899,26.75815229351825,1.3229981683011465,4752.362017175577,0.2972877103772592,0.3833144662678354
TZA,United Republic of Tanzania,Africa,306,22.640131810594873,825.8236204766054,21.230572207540185,0.8384138112284569,749.3145919799811,0.8033321676399213,-0.6640794024247842
TJK,Tajikistan,Asia,57,0.277870881521974,565.7479127607037,2.7471348906991135,0.028638443847326275,663.1430656861066,0.06675200772443535,-1.0084884512283745
SYR,Syria,Asia,73,1.4572827156805124,282.7029626683539,19.28747567600305,0.04538796820621894,1491.0718846289,0.0646606257747153,-0.18163916943761205
CHE,Switzerland,Europe,17,0.0901319445975429,814.7932824023204,5.06069613584384,0.5334876987000502,73437.23983928331,-0.7302919710349239,0.7936152643499002
SWE,Sweden,Europe,310,0.09492097181366836,625.6009074978459,2.9642195628978607,0.7203661409569317,49435.36155909083,-0.5732440911716414,0.4345525660798888
SWZ,eSwatini,Africa,5,13.231941710927808,792.7824536902021,19.988813268494383,1.184600933582268,3216.2501124377095,0.630402883546259,-0.1596280314807208
SUR,Suriname,South America,49,0.29023062663271504,2179.7795231851487,25.13432402190795,2.6252025870795133,5923.352629300511,-1.308721495954687,0.31994560536376326
SSD,South Sudan,Africa,201,64.8539548977347,993.8882422438511,29.03780445034121,0.2261238767589096,1375.87731816094,0.8805278696316655,0.17192454479856956
SDN,Sudan,Africa,629,6.449702451575964,250.32124931247893,28.42135296915585,0.004912706092072154,990.6832443237308,0.4202503651973877,0.10437960544873581
LKA,Sri Lanka,Asia,22,5.047721605637182,1664.6749455285085,25.292525820227844,1.626872648785562,2687.747833704595,-0.09132636578468911,0.040211061073770704
ESP,Spain,Europe,213,0.819114422671206,621.8612630158552,13.455653624825997,0.7373456829790156,27647.638466123055,-0.18943620544522793,0.5787103517458583
KOR,South Korea,Asia,40,0.5695542063184099,1324.5350692842947,11.153904102985368,1.3568553671656534,25055.173159573365,-0.2980851617804928,0.4622979525160633
ZAF,South Africa,Africa,447,4.347093583438609,467.2786575892167,18.947822399210985,0.3545605202086909,6108.992158873371,0.3240528456550151,0.22016992072601482
SOM,Somalia,Africa,154,0.41944674314197833,297.53297108841355,27.414049998700765,0.05920927223232109,394.0022729282733,-0.9352825765086804,-0.4676186648660474
SLB,Solomon Islands,Oceania,10,0.003376099967334322,2245.96988931085,18.334152618412794,0.8706282757858097,1663.010987526577,-2.8567067574544045,-0.23644641525437393
SVK,Slovakia,Europe,25,0.39351126208257087,789.1241553559249,8.468983733451507,0.5884142311204176,14543.799761824843,-0.269565413729064,0.19642962811654252
SVN,Slovenia,Europe,10,0.07914021783671307,1404.0599734225652,9.454626352567935,1.447834015637634,21377.850923105412,-1.066355142574753,0.32537525136579326
SLE,Sierra Leone,Africa,24,52.98171601571993,2596.4142915368375,26.170479313773974,1.4067683093743413,717.6939209856172,0.9345995000570105,-0.3729426525477133
SRB,Republic of Serbia,Europe,31,3.8777359556507185,765.7415838191424,11.72496492074338,0.8247583243875934,5706.749128032643,0.5457934338853188,-0.15754797969924006
SEN,Senegal,Africa,67,28.89611476051945,743.7310213675189,29.024130532879497,0.08481290537994632,1193.8134191662566,0.59959536753149,0.19241717984055695
SAU,Saudi Arabia,Asia,683,0.01654751544062642,75.88411401478278,19.871202140722612,5.062520054681429e-06,21224.293090531002,-0.37619163314745196,0.21974171666713715
RWA,Rwanda,Africa,10,4.444416243330464,861.6537567481723,16.06330556149885,0.49971181629042044,555.0620345171,0.38032012754047506,-0.8833273717117232
RUS,Russia,Europe,11722,2.6459136863355006,435.4617010014396,-2.513718997869802,0.360702534747631,9242.258410644532,1.2538979895914193,-0.438040251678228
ROU,Romania,Europe,109,3.0194033827535063,666.410895760774,10.137675096374876,0.6182819656746311,8085.148835988733,0.5468184593216874,-0.03524116715926073
QAT,Qatar,Asia,3,0.001276166652168859,42.25628536784561,18.10620685950909,9.293963408759985e-05,66076.44395369657,-1.3749331850983486,1.0879113634874158
PRT,Portugal,Europe,43,2.258894901425854,803.725708031587,14.41172184752082,1.1568337410227172,20403.78613771193,0.15552473230506172,0.43659279640537907
POL,Poland,Europe,165,0.352420377255421,605.2173663285325,8.853111534193127,0.6288527408532179,11538.347331598115,-0.30425382295840253,0.0492672419875273
PHL,Philippines,Asia,91,3.8376101647120966,2548.4624538973208,24.57588610668624,1.5916339638754975,2191.696265631922,-0.12715012560353145,0.01884093156783484
PER,Peru,South America,425,0.8334893127006572,1620.5129767343792,18.99261676203524,2.2029376748849696,4823.012563633097,-0.5494174378810154,-0.02395607683347656
PRY,Paraguay,South America,141,9.845439305923131,1168.0478134623856,24.617447594616095,1.0535229822078869,4336.152431537406,0.23753513140498872,0.2469667353009175
PNG,Papua New Guinea,Oceania,147,0.9143055179703943,3079.734081484404,22.97551123422861,3.4083237426026374,1785.7041060178854,-0.646898144941862,-0.27423497636349525
PAN,Panama,North America,25,3.1873994095852827,2411.2246687876604,24.988213237544446,2.5176729697243823,9703.74818242426,-0.24658165878561356,0.5605108624627486
PAK,Pakistan,Asia,323,2.0228145945489,240.83131048533016,17.310241293637674,0.035018334165326265,1089.4818223767384,0.38176865385117753,-0.39439108612949836
OMN,Oman,Asia,111,0.0031109278239206946,49.672592487246646,25.832731240690535,0.003610373027100218,18438.054312234945,-1.872388421991925,1.0588345829211465
NOR,Norway,Europe,348,0.05129987322533527,805.4466763967587,1.7478903108391863,0.48140419830678605,78481.70022294405,-0.7960982829976635,0.7124760325410824
NGA,Nigeria,Africa,300,23.413028205113147,1149.2998361894768,27.338434815427718,0.4233734820739703,1969.912023362501,0.4983667775836036,0.18482355408843
NER,Niger,Africa,403,0.29509097515943344,155.07376466437617,20.326447837124384,0.0006785983055413423,439.7497264059413,-0.1246088867043536,-0.6628990111242734
NIC,Nicaragua,North America,45,5.246654705589388,1981.0378893212135,22.508848395250165,1.7999171796103208,1603.229198477651,0.08347955144209929,-0.2781391240028461
NZL,New Zealand,Oceania,118,0.12516194270358258,1510.5069259473041,9.691784117297257,2.157748451832841,33708.635523746176,-0.8859092668229651,0.4544896549377073
NLD,Netherlands,Europe,18,0.2406061971713205,764.0403287467948,9.93438905378294,0.564519592662093,47467.68479953955,-0.5555680180590281,0.7682725422184267
NPL,Nepal,Asia,55,5.234858707584049,1229.702148791226,13.899994002045714,1.1527674607259117,654.2935574672174,0.5245752759610615,-0.9945183641922468
NAM,Namibia,Africa,288,3.5222091832932723,272.45405029026944,19.540759534930753,0.004972570793497788,4320.1619827468685,0.5947777713568592,0.4165799413011695
MOZ,Mozambique,Africa,268,36.48185815883309,936.947905548889,23.702401672219892,0.6613960593129011,505.2969694124373,0.877080476986223,-0.6689744399568549
MAR,Morocco,Africa,219,0.05731962888063833,233.67506993679154,18.124837507302423,0.12999228797226065,2858.8970458984395,-1.266340677506763,-0.09846098372070333
MNE,Montenegro,Europe,6,1.676765727254362,1341.2052446722753,9.304727538725174,1.116902677419959,5968.6565562268715,0.27308081277431967,-0.18655012323436626
MNG,Mongolia,Asia,741,0.6795810816394351,215.87414889744423,1.4637620609900843,0.011932780889438473,2651.651135232677,0.8524722641980622,-0.5561851151702428
MDA,Moldova,Europe,16,3.908620972845757,500.30004510775694,11.111007710496402,0.31387010186144115,2371.838419955654,0.6805418763904605,-0.458412427129423
MEX,Mexico,North America,703,3.8341317023561716,758.4209148453389,20.38563140655004,0.7712609180910641,9514.76369088446,0.08784548723856417,0.4083817864499073
MRT,Mauritania,Africa,358,0.15765254860952344,83.0697790104803,15.37106471288075,0.00031705151889050576,1438.4230275976956,0.2712921462394967,-0.47346141474255354
MLI,Mali,Africa,425,10.288512736538582,310.2338468997796,21.492577805930377,0.026498186191519384,751.829177602723,0.7992932364030129,-0.3310283120538897
MYS,Malaysia,Asia,108,0.553102626188848,2960.11101234845,25.89443087525104,2.5293320001470065,8209.491788408835,-1.021639303937602,0.5660708554654605
MWI,Malawi,Africa,39,20.74200820012441,694.7392883389281,16.0264092259172,0.47948129701131065,508.7789362970868,1.0761494244155436,-0.9548681567606483
MDG,Madagascar,Africa,200,24.35734801296613,1458.4948239006915,22.42820044119273,1.5026831983820192,428.5161959396902,0.7388957825210232,-0.8758923660214029
MKD,North Macedonia,Europe,11,1.4490439268507223,672.1989316942414,10.717771582672553,0.7845718294822703,4671.423444042345,0.1891139119383869,-0.2968857655666448
LTU,Lithuania,Europe,38,0.5631403336558725,689.0802739098519,7.411112302934636,0.8962480537157509,12692.280397926157,-0.05437003884026112,-0.01233287550570239
LBY,Libya,Africa,592,0.004229563946212951,31.967730598219283,16.41454109956381,0.0018821224719321262,9050.910408307474,-0.8537819915607912,0.3380510712248648
LBR,Liberia,Africa,31,12.5052676811915,2463.224627450719,24.88747423012931,2.574000136344417,509.80364539936545,0.3550382451426404,-0.7237229004420085
LSO,Lesotho,Africa,12,2.5394808025174234,803.5873715299936,12.897938037572725,1.6452279757924115,943.6996164385585,0.2779227129917802,-1.0348651361019696
LBN,Lebanon,Asia,4,0.6532376760095495,656.4021682750127,16.11290009367417,0.540190938973139,6618.256932508593,-0.4262175774978277,0.1300335717142791
LVA,Latvia,Europe,35,0.7662400657229115,683.1388036464299,6.791670697133017,0.9892201314180566,11878.384493954156,0.1105118362000326,-0.08708878038694046
LAO,Laos,Asia,77,26.863278630364515,1834.7715959185643,23.93829599939779,2.25442922778702,1369.053641770574,0.70627917307006,-0.36117436847020956
KGZ,Kyrgyzstan,Asia,86,0.6246022572681605,452.6764679747901,1.5867120335664222,0.01791686054649625,904.2210727864594,0.554183105054547,-0.9222749934250056
KWT,Kuwait,Asia,8,0.0028580548855583194,112.75851473899777,26.828664132916398,2.683883379936697e-05,35711.16248117578,-1.959713642575414,1.0955571732920872
KEN,Kenya,Africa,193,1.563392208514219,665.7394799239054,24.229360514113974,0.4494575406863211,1125.4394799595423,-0.4705239374921425,-0.2914516151355886
KAZ,Kazakhstan,Asia,1318,4.755238868681175,230.81012683234397,5.910011937461637,0.009093921997247512,7506.294620987613,1.4568815751891422,0.08918637547823005
JOR,Jordan,Asia,33,0.025814894194545454,102.367955939856,19.500150388927466,0.006584873607706454,3535.6216200976755,-1.123582148569043,0.17747423686813635
JPN,Japan,Asia,157,0.14374167276924815,1486.8552721617978,10.115884779775573,1.5514562581105216,39936.27566691219,-0.8419379858996067,0.618070322962387
JAM,Jamaica,North America,4,1.331637294619577,1548.7502899169922,18.867081324259445,1.8041016955336475,4817.701269398679,-0.3375737981444499,0.00868622248841966
ITA,Italy,Europe,129,1.7133487742104783,788.9279224791784,12.224234675129999,0.8915545407784884,33000.882584791456,0.1593835728110189,0.6132515140055972
ISR,Israel,Asia,9,0.8446890203683618,274.5621087966209,19.292107384036836,0.19225830310699119,31419.88951549424,-0.23374780365202802,0.955993503785519
PSE,Palestine,Asia,3,0.6460356663837697,360.63793152338246,19.806070757329223,0.43474801099243904,2511.115259680134,-0.4920390893228324,-0.21314381662417192
IRL,Ireland,Europe,40,0.10059979438690739,1166.4368087307555,9.356913394821579,1.515325738461697,57005.156851210064,-0.958279921918854,0.7004969870019089
IRQ,Iraq,Asia,170,0.6422202430269086,180.63278277723302,23.827446275328825,0.0006247568645199488,3951.797480758915,-0.031048853749863686,0.44289015980275837
IRN,Iran,Asia,621,0.32013832851617796,193.30126118037248,17.188773510809,0.02506440171720203,4692.931567786637,-0.30675100425182156,0.2297299793088392
IDN,Indonesia,Asia,608,1.4968913369115853,2694.872602576716,24.518548091265757,2.5292390101081756,2623.0711256319437,-0.5332261177444344,-0.002714433553941298
IND,India,Asia,1115,5.093420353677614,1076.1270350552454,23.194369172664267,0.4350562532675336,1253.739535216265,0.055124910994341025,-0.18805772012259148
ISL,Iceland,Europe,76,0.00580200282992781,892.4259727202112,1.2114241013106182,0.2678493896607234,53672.89183511385,-1.702281936241608,0.6483957470586734
HUN,Hungary,Europe,45,1.648264015128785,611.7015427263013,11.848137625310686,0.2674852158681911,12763.135710509108,0.2361446067728394,0.36297732313591746
HND,Honduras,North America,37,8.596836214076374,1873.5748170235865,23.815001848639934,2.371029418014464,1853.8996498877543,0.21876034015086399,-0.2420631110441942
HTI,Haiti,North America,13,1.9727567967622128,1525.0671733945524,24.56108236880599,0.5422761952543124,1133.876604668916,-0.43557367371730327,-0.1508779637560611
GUY,Guyana,South America,67,0.9371849321591198,2359.1861268151647,24.951891287553543,3.0245528147771714,4142.920438033771,-0.7823181111599463,0.1393333857354282
GNB,Guinea-Bissau,Africa,11,29.570730091642602,1547.77710219851,24.977206081587422,0.4601996669511943,601.5214666470343,0.7243355912726376,-0.37666486949827904
GIN,Guinea,Africa,77,62.86718904472029,1789.9297302158254,26.18272546409714,0.7424606737564399,693.8261867478343,0.9819184878764592,-0.3304133392068893
GTM,Guatemala,North America,40,10.965820700250676,2156.33099000847,22.947177867799258,2.3709761747986895,3044.548064780336,0.3842583219513811,-0.03037288060560428
GRC,Greece,Europe,55,1.5898981006572022,591.5383961058762,12.286821514193889,0.42925538418031783,21494.947031568296,0.18549939157807857,0.5186893604200025
GHA,Ghana,Africa,77,55.92172759940595,1102.0755608271852,25.66098080231982,0.6587476712362935,1338.792819164926,0.9515804804125189,-0.1386522634118914
DEU,Germany,Europe,188,0.1454649594673556,736.454695088667,9.710197777804254,0.2267561956526638,41161.09017632519,-0.72498987228324,0.8498769912728323
GEO,Georgia,Asia,30,1.2482808013673772,1082.2101508809292,8.585890034757997,1.2491910299205309,3218.0801448594875,0.1825637420762724,-0.5489820485838566
GMB,Gambia,Africa,4,25.81533909356484,1039.7125858135153,27.60285304612476,0.05597558130626088,641.052712216426,0.6200168639265556,-0.02111249792037384
GAB,Gabon,Africa,84,2.1619297902649364,1861.7965768865536,24.69656435581817,2.748684735225179,7247.275366377349,-0.4302395011822144,0.3462885511685241
FRA,France,Europe,283,0.25855216211043114,1051.8809836886185,13.19585985602294,0.9556550011694263,37706.1699000185,-0.7360204486959762,0.748536132120778
NCL,New Caledonia,Oceania,6,0.2210272459782393,1371.008651682156,18.332134648053206,2.024679852509564,30727.682218902803,-1.0952917814762526,0.741192536611293
FIN,Finland,Europe,246,0.1074148688678456,564.7185923943716,2.25469017753629,0.5224135242429739,43822.418106222576,-0.4551240362723382,0.3989103339594884
FJI,Fiji,Oceania,4,4.2307814658549665,1303.4099987719246,11.653154190719492,1.4156156511950875,4106.309808650366,0.5454159166470177,-0.3166645343068657
ETH,Ethiopia,Africa,368,10.558927102938258,834.4195120709772,23.61741242112067,0.7564870359756805,410.3196037686462,0.34835729260423887,-0.8112782419568854
EST,Estonia,Europe,27,0.26840047527924316,646.3965906431398,5.884740694598112,1.0014535381214793,15859.015337905628,-0.2897668923159412,-0.008990429706213554
ERI,Eritrea,Africa,40,0.3570175300410033,261.76260776535287,27.121033350297015,0.04287080580746445,464.4134682776884,-0.9294173563467212,-0.3944746636544316
GNQ,Equatorial Guinea,Africa,9,1.0474722903520142,2163.3750047654516,21.211828418950617,2.991619276105819,10002.254799126273,-0.5478080285411656,0.36300945426237385
SLV,El Salvador,North America,7,6.115816865898809,1650.3257960090173,25.038057465473948,0.6778364315509408,3191.680332167837,0.027562565405110928,0.28984747453377224
EGY,Egypt,Africa,362,0.1457260084371132,12.475851021262748,21.6362494958788,0.004124869177938513,2228.8421386605864,1.2004196800609703,-0.15657107919497992
ECU,Ecuador,South America,85,1.6333037656356146,2054.5177320163884,19.319764351174186,2.4886612956464185,4527.747605270807,-0.25791487091292986,-0.01910266916876724
DOM,Dominican Republic,North America,16,3.0151692315734384,1433.9278515815595,22.566370860696576,1.42934201481892,5397.221006398713,-0.17504307776484357,0.2374459615784814
DJI,Djibouti,Africa,7,0.004058133341514237,224.15068388474006,28.489073492266648,0.005103725655876886,1607.730452352842,-2.746781290363531,0.2993125275653772
GRL,Greenland,North America,2658,0.0006412783136612039,20.167472760179376,-0.12009708910117509,1.1967176448607686e-06,41900.38233645557,0.49434460631171717,-0.7636710336278041
DNK,Denmark,Europe,27,0.2824299689145187,666.8590271539238,8.165597163679255,0.29491130887066075,54148.14789962971,-0.3528778098295877,0.8488578827024753
CZE,Czechia,Europe,38,0.1861605266595123,672.15648414103,8.811597584494718,0.6581587151509397,17875.724790180535,-0.5965159881960868,0.24785777560271782
CUB,Cuba,North America,39,7.000184788309052,1348.2230008049007,24.99741245973556,0.8834774981005588,5973.501075522472,0.073668773802261,0.46603427114964635
HRV,Croatia,Europe,28,1.676250761143882,1073.744111037489,11.984489445530155,1.213767830709311,12532.239801673926,0.13262160520758529,0.1765323636972953
CIV,Ivory Coast,Africa,110,33.47400978875543,1289.689845289442,26.818446300955674,0.8570590581665951,1584.6152085867757,0.657870719730101,-0.04302960855336657
CRI,Costa Rica,North America,16,2.7011605052257592,2952.672783161671,23.939847048916796,2.816777710120867,8503.928874145264,-0.23225414123423033,0.4793204961830053
COD,Democratic Republic of the Congo,Africa,765,30.58079144648978,1467.7111175786702,24.261773554547513,2.1286025402677446,351.2008466948722,0.7341493525591076,-0.971605968695942
COG,Republic of the Congo,Africa,110,14.248596426598862,1616.1520981530566,24.954909024896484,2.0209366101942194,2329.4825979257826,0.3710156691842049,-0.09141017295772969
COL,Colombia,South America,375,2.862259600301783,2591.1526881517343,24.495221156485186,2.5747772881409503,5426.618966941409,-0.25707915493283884,0.2992192213497442
CHN,China,Asia,3801,1.1154429536710395,592.9719033926161,7.384309032502166,0.5010697317435079,5363.112641870794,0.2840939569157245,-0.3001742260682527
CHL,Chile,South America,303,1.0948507117677517,764.8377523894325,8.992251377710005,0.7978921674758679,11281.466765699175,0.14153158585675524,0.04017664334979365
TCD,Chad,Africa,431,12.491924804012701,326.8655877481418,22.588917680357323,0.009734568985331404,894.1494910369031,0.8762916659156099,-0.14281769041504289
CAF,Central African Republic,Africa,203,56.477866891777964,1369.426567400588,26.738615902276536,1.5966631913087355,393.58373991461315,0.8743844196556196,-0.7739922185680088
CAN,Canada,North America,6778,0.3573840711296043,499.54314972920054,-1.8000477407383022,0.37276382247861395,42059.08741119305,0.31548781819564065,0.26536559206226507
CMR,Cameroon,Africa,150,23.68277448122447,1597.247501554668,24.818599926537583,2.0056738768493,1345.0684068517467,0.598399430866237,-0.3357627525260898
KHM,Cambodia,Asia,63,31.052838190666858,1792.4992777014083,26.515732796913664,1.8155158142717567,1124.237802276233,0.6359204543558694,-0.30148910613871527
MMR,Myanmar,Asia,229,22.071779043090025,2037.0634532412012,23.792199225251522,1.7151918426613546,846.5732110244735,0.6436603643034021,-0.48923705389930294
BDI,Burundi,Africa,10,12.351565015197057,1108.1311730001073,18.781607139635323,0.6443939515116468,199.11493081988385,0.658457682722327,-1.2246568015653327
BFA,Burkina Faso,Africa,87,20.923302315811515,816.6995451820147,29.60621522506418,0.143278523207776,596.0142821422545,0.3937131165805625,-0.13863529024182775
BGR,Bulgaria,Europe,49,4.43744605412256,669.3722791835196,11.446302027642503,0.6981382895664453,6565.156426607267,0.6408077694179899,-0.09852703012916031
BRA,Brazil,South America,2835,4.135141907206826,1775.545808509025,25.727985732527518,1.8344292101259254,8192.923131277155,-0.19912888903316717,0.5265050620370553
BWA,Botswana,Africa,206,4.8236782747366345,396.8860594082754,23.27871415109019,0.001022668549364597,5854.721537723524,0.5576260275887311,0.740059132741723
BIH,Bosnia and Herzegovina,Europe,22,1.5291206686095071,1108.535204698961,10.327819702163756,1.1585102703447427,4217.994334760241,0.18003234691616476,-0.3435798288410594
BOL,Bolivia,South America,366,4.472482529060549,1119.7813764196967,20.484512407519695,1.531755470436281,2273.473048841358,0.1044661756590407,-0.2824884978744717
BTN,Bhutan,Asia,13,1.1254327473963648,1757.9629763979317,6.319666019509608,1.5170698312536444,2273.468050027363,0.26099130189903497,-0.7328355876930952
BEN,Benin,Africa,39,46.0478030057921,1024.0075478053243,28.167481792668724,0.6171257772864828,954.3692863326676,0.7401341206558436,-0.19104727193058357
BLZ,Belize,North America,6,5.903466248787579,2053.6294537651024,25.08387141312288,2.2552139046699717,5601.253403581325,-0.0016570859975898466,0.3181005872448428
BEL,Belgium,Europe,17,0.2355308272529519,917.6971071868846,10.794054259929352,0.20419400770491827,41292.657889359616,-0.5895209059880699,0.9503538057513228
BLR,Belarus,Europe,113,1.6353875909825264,650.7318237200291,7.551231899525444,0.7395439066513287,5137.402655007156,0.4147540461063891,-0.37099484880833433
BGD,Bangladesh,Asia,46,3.101006581344294,2028.5780723528326,25.817259894455965,0.5581173736238988,1000.3691140353234,-0.2859424870858916,-0.1036285219189228
BHS,The Bahamas,North America,3,0.5877355365348843,427.5437588961577,8.322006147808137,0.4308562961953737,28777.30443237877,0.02802342284847406,0.4359883755942704
AZE,Azerbaijan,Asia,37,3.493099565205409,512.4449472407392,12.225799686532524,0.3712436225081065,4271.112876051807,0.5620228984259126,-0.18498178759977968
AUT,Austria,Europe,39,0.06668612002796616,1129.6399237373676,6.986695354520343,0.8161752666414048,43881.34125572785,-0.995662222787947,0.6228203873230944
AUS,Australia,Oceania,2788,7.092387891577579,487.46400193866634,22.47314992843268,0.18196200687110672,47013.503441855064,0.36831608482669115,1.3569059873003182
ARM,Armenia,Asia,13,1.7943453423798674,501.2402082626058,6.525534045547495,0.43290570265212364,2898.849650647858,0.5719260823518018,-0.6031320306110857
ARG,Argentina,South America,1118,2.8273555678085347,603.2486402257898,15.15071651768478,0.6329106592891134,9237.886011036815,0.2687987897315558,0.19232956040456317
AGO,Angola,Africa,417,42.70063851509097,1035.5067693105832,22.91396231478138,0.7632631397853983,3148.2058752463654,0.9770992952650319,0.08599612243833743
DZA,Algeria,Africa,858,0.09170665088786455,70.4071646578309,13.259527493514307,0.039284762900259715,4240.154360363499,-0.1405226367697936,-0.14262349633337035
ALB,Albania,Europe,12,1.9671049605808342,1149.0887799293303,12.939505548065139,1.1623604926879347,3965.3711026157553,0.15087416713138938,-0.2639629040211786
AFG,Afghanistan,Asia,252,0.055570298571198815,138.15712628186355,10.77256960487379,0.0037719258043475055,433.4716220485748,-0.4436799161778777,-1.0161420114593596
