iso3,admin,continent,area_km2,burned_frac_pct,p_ann,t_air,gpp,gdp_pcap,pop,popdens
ZWE,Zimbabwe,Africa,394418.11859640764,13.461340358211304,666.025764871068,21.940867758842778,0.3123016083355093,1154.1388039771705,13565958.5,34.394866413024765
ZMB,Zambia,Africa,747925.5819212915,50.491651407400624,969.2710218632475,22.54979443091972,0.5982565457811801,1159.2876478976527,14356653.15,19.195296292874808
YEM,Yemen,Asia,460568.87479395175,0.007787727867317439,174.46661937955233,23.29000885728908,0.045438810968352325,935.0115655608926,27515232.45,59.741840918602456
VNM,Vietnam,Asia,333385.4507508613,11.682658657145547,1778.9482587152202,24.135190956199832,1.840832762224067,1797.6074479776137,87817343.1,263.4108444211197
VEN,Venezuela,South America,894907.6276966475,5.575095862563933,1976.2690667943514,25.627302450016092,2.2569520326849832,6562.977252179936,28380708.95,31.713562463477388
VUT,Vanuatu,Oceania,8909.749414073705,0.030606893324464132,988.3269350783902,8.15655961005051,0.7019996530076359,2699.199492863053,241953.05,27.155988205214236
UZB,Uzbekistan,Asia,447561.15267007786,0.9581135216915305,175.43741131366818,9.380024199335843,0.0006068931812358868,1667.1932802027573,28849615.95,64.45960686687803
URY,Uruguay,South America,181782.5578360445,1.5790602908965843,1304.0460627794287,18.552518066994036,2.517988229755473,12175.972521421336,3330453.65,18.321084759979243
PRI,Puerto Rico,North America,8806.782021366409,0.7195762624420848,2255.971372477214,24.934551493326822,2.430721596100281,25911.46341985121,3640156.05,413.3355453976837
USA,United States of America,North America,9423020.252945408,0.7385448117391097,688.0423557300221,9.618568483428657,0.44955652199875695,50842.81771956019,309807609.95,32.877740006253475
GBR,United Kingdom,Europe,241252.7365373933,0.2908584815438726,1150.6353161848388,8.730245787705803,0.8845607437603453,41434.499874516034,62979228.15,261.05083429898605
ARE,United Arab Emirates,Asia,65037.09069914154,0.0017259548128199028,7.66350828618794,4.916981974590153,6.910646690038924e-06,42678.54665562461,6829273.15,105.00582170244807
UKR,Ukraine,Europe,584181.2803693917,7.203214941548458,558.8903461765454,9.342085248479904,0.3569806482986936,2664.3218231201186,46610297.15,79.78738572473121
UGA,Uganda,Africa,250237.72142139223,20.888890899692953,971.385540128954,19.27972812648244,0.3906138605066196,619.0414928038316,33476629.05,133.77930737159502
TKM,Turkmenistan,Asia,467309.87428733753,0.7381417284525906,94.28620060243993,9.903917882911507,7.27043178143954e-05,3749.208247243479,5703502.8,12.204969579763372
TUR,Turkey,Asia,780021.6446732183,1.922356040587126,591.3584704429386,11.418400657459145,0.3715787154964603,9086.446018126839,74169687.45,95.08670426840861
TUN,Tunisia,Africa,155859.61462901102,0.16590308197058218,258.13392357784784,17.894789275937832,0.06429970566207133,3645.3595388474123,10879464.3,69.80297189811571
TGO,Togo,Africa,55008.84470523912,60.49974600513775,1227.3913480838714,27.452545445042137,1.1476527059673944,751.6621238769922,6342229.4,115.29472094868332
TLS,East Timor,Asia,18322.175166190074,3.64681543672282,1342.2979645534258,24.288365317181082,1.198383244295871,923.8040336652633,1090842.0,59.536708393276996
THA,Thailand,Asia,515312.47046829783,14.65996267924831,1607.4726229999899,26.75815229351825,1.3229981683011465,4752.362017175577,68392554.65,132.72055028640634
TZA,United Republic of Tanzania,Africa,939185.7958038418,22.640131810594873,825.8236204766054,21.230572207540185,0.8384138112284569,749.3145919799811,46502824.0,49.51397711482486
TJK,Tajikistan,Asia,137915.17899512904,0.277870881521974,565.7479127607037,2.7471348906991135,0.028638443847326275,663.1430656861066,7885443.8,57.17604006647087
SYR,Syria,Asia,184593.70380887712,1.4572827156805124,282.7029626683539,19.28747567600305,0.04538796820621894,1491.0718846289,20128969.9,109.04472625372391
CHE,Switzerland,Europe,35984.84512756671,0.0901319445975429,814.7932824023204,5.06069613584384,0.5334876987000502,73437.23983928331,7897720.9,219.4735275920317
SWE,Sweden,Europe,437932.70768596313,0.09492097181366836,625.6009074978459,2.9642195628978607,0.7203661409569317,49435.36155909083,9488985.65,21.6676797221651
SWZ,eSwatini,Africa,13813.163338536046,13.231941710927808,792.7824536902021,19.988813268494383,1.184600933582268,3216.2501124377095,1115972.65,80.79052007490947
SUR,Suriname,South America,151044.0143737494,0.29023062663271504,2179.7795231851487,25.13432402190795,2.6252025870795133,5923.352629300511,552675.0,3.6590327812159353
SSD,South Sudan,Africa,615960.6452073426,64.8539548977347,993.8882422438511,29.03780445034121,0.2261238767589096,1375.87731816094,9284566.0,15.07331040098294
SDN,Sudan,Africa,1865854.4720475366,6.449702451575964,250.32124931247893,28.42135296915585,0.004912706092072154,990.6832443237308,36403222.85,19.510215504670157
LKA,Sri Lanka,Asia,67386.38382467444,5.047721605637182,1664.6749455285085,25.292525820227844,1.626872648785562,2687.747833704595,20766856.4,308.17585425018655
ESP,Spain,Europe,501778.5464190905,0.819114422671206,621.8612630158552,13.455653624825997,0.7373456829790156,27647.638466123055,45342751.4,90.36406941585199
KOR,South Korea,Asia,99421.67561009982,0.5695542063184099,1324.5350692842947,11.153904102985368,1.3568553671656534,25055.173159573365,49715285.9,500.0447396900404
ZAF,South Africa,Africa,1206918.097625385,4.347093583438609,467.2786575892167,18.947822399210985,0.3545605202086909,6108.992158873371,53285748.1,44.1502602412209
SOM,Somalia,Africa,473667.03490704065,0.41944674314197833,297.53297108841355,27.414049998700765,0.05920927223232109,394.0022729282733,12499656.0,26.38911952665888
SLB,Solomon Islands,Oceania,30545.908164894045,0.003376099967334322,2245.96988931085,18.334152618412794,0.8706282757858097,1663.010987526577,569495.3,18.643914495052154
SVK,Slovakia,Europe,50910.58508122442,0.39351126208257087,789.1241553559249,8.468983733451507,0.5884142311204176,14543.799761824843,5403528.2,106.13761738112092
SVN,Slovenia,Europe,21433.25649055707,0.07914021783671307,1404.0599734225652,9.454626352567935,1.447834015637634,21377.850923105412,2040298.05,95.19309634067515
SLE,Sierra Leone,Africa,73348.76922775131,52.98171601571993,2596.4142915368375,26.170479313773974,1.4067683093743413,717.6939209856172,6329816.4,86.29751346400413
SRB,Republic of Serbia,Europe,68667.72056662297,3.8777359556507185,765.7415838191424,11.72496492074338,0.8247583243875934,5706.749128032643,7244073.9,105.49460270741966
SEN,Senegal,Africa,200640.7241609939,28.89611476051945,743.7310213675189,29.024130532879497,0.08481290537994632,1193.8134191662566,13109777.15,65.33956256796965
SAU,Saudi Arabia,Asia,1922769.1013929858,0.01654751544062642,75.88411401478278,19.871202140722612,5.062520054681429e-06,21224.293090531002,25001722.45,13.002977025107715
RWA,Rwanda,Africa,30891.184694245523,4.444416243330464,861.6537567481723,16.06330556149885,0.49971181629042044,555.0620345171,10506494.3,340.1130259001421
RUS,Russia,Europe,16898746.965476263,2.6459136863355006,435.4617010014396,-2.513718997869802,0.360702534747631,9242.258410644532,144161757.2,8.530914007678737
ROU,Romania,Europe,234593.3949267456,3.0194033827535063,666.410895760774,10.137675096374876,0.6182819656746311,8085.148835988733,20437645.05,87.11943938737868
QAT,Qatar,Asia,8387.011104066356,0.001276166652168859,42.25628536784561,18.10620685950909,9.293963408759985e-05,66076.44395369657,1668152.5,198.89713740705713
PRT,Portugal,Europe,102694.81839516968,2.258894901425854,803.725708031587,14.41172184752082,1.1568337410227172,20403.78613771193,10438744.8,101.64821325095204
POL,Poland,Europe,312690.41168519086,0.352420377255421,605.2173663285325,8.853111534193127,0.6288527408532179,11538.347331598115,38058915.4,121.71436659950032
PHL,Philippines,Asia,274743.6157456864,3.8376101647120966,2548.4624538973208,24.57588610668624,1.5916339638754975,2191.696265631922,97220227.4,353.85800371059725
PER,Peru,South America,1293228.1173578962,0.8334893127006572,1620.5129767343792,18.99261676203524,2.2029376748849696,4823.012563633097,29498306.65,22.809824696872447
PRY,Paraguay,South America,400005.29038263665,9.845439305923131,1168.0478134623856,24.617447594616095,1.0535229822078869,4336.152431537406,5837799.9,14.594306726332753
PNG,Papua New Guinea,Oceania,451234.9266484146,0.9143055179703943,3079.734081484404,22.97551123422861,3.4083237426026374,1785.7041060178854,7752211.55,17.179990049928545
PAN,Panama,North America,76426.36638490614,3.1873994095852827,2411.2246687876604,24.988213237544446,2.5176729697243823,9703.74818242426,3670639.35,48.028442586339345
PAK,Pakistan,Asia,862990.1119802042,2.0228145945489,240.83131048533016,17.310241293637674,0.035018334165326265,1089.4818223767384,198691030.1,230.2355813140043
OMN,Oman,Asia,320775.18602898036,0.0031109278239206946,49.672592487246646,25.832731240690535,0.003610373027100218,18438.054312234945,3315719.15,10.336582424116939
NOR,Norway,Europe,390520.9265729692,0.05129987322533527,805.4466763967587,1.7478903108391863,0.48140419830678605,78481.70022294405,4930794.15,12.626196996074874
NGA,Nigeria,Africa,913569.361573848,23.413028205113147,1149.2998361894768,27.338434815427718,0.4233734820739703,1969.912023362501,170228040.0,186.33291259542716
NER,Niger,Africa,1187246.8837288553,0.29509097515943344,155.07376466437617,20.326447837124384,0.0006785983055413423,439.7497264059413,17233920.7,14.515869391775048
NIC,Nicaragua,North America,135596.3774417636,5.246654705589388,1981.0378893212135,22.508848395250165,1.7999171796103208,1603.229198477651,5793422.45,42.725495763986615
NZL,New Zealand,Oceania,272064.95017284807,0.12516194270358258,1510.5069259473041,9.691784117297257,2.157748451832841,33708.635523746176,4411510.0,16.214914847345398
NLD,Netherlands,Europe,33954.9637353973,0.2406061971713205,764.0403287467948,9.93438905378294,0.564519592662093,47467.68479953955,16678911.85,491.20688156154915
NPL,Nepal,Asia,149752.57677847435,5.234858707584049,1229.702148791226,13.899994002045714,1.1527674607259117,654.2935574672174,27133099.65,181.1861954812129
NAM,Namibia,Africa,822986.3448034492,3.5222091832932723,272.45405029026944,19.540759534930753,0.004972570793497788,4320.1619827468685,2200023.5,2.6732199311586675
MOZ,Mozambique,Africa,788739.9613557658,36.48185815883309,936.947905548889,23.702401672219892,0.6613960593129011,505.2969694124373,23844145.75,30.230680475494456
MAR,Morocco,Africa,585973.3591730387,0.05731962888063833,233.67506993679154,18.124837507302423,0.12999228797226065,2858.8970458984395,32696502.6,55.798616247918325
MNE,Montenegro,Europe,13600.519074867263,1.676765727254362,1341.2052446722753,9.304727538725174,1.116902677419959,5968.6565562268715,619327.5,45.53704873988748
MNG,Mongolia,Asia,1565520.6375018265,0.6795810816394351,215.87414889744423,1.4637620609900843,0.011932780889438473,2651.651135232677,2809488.8,1.79460349017387
MDA,Moldova,Europe,33648.28508977537,3.908620972845757,500.30004510775694,11.111007710496402,0.31387010186144115,2371.838419955654,2835434.9,84.26684725343098
MEX,Mexico,North America,1978911.7679761234,3.8341317023561716,758.4209148453389,20.38563140655004,0.7712609180910641,9514.76369088446,114045340.5,57.63033114742487
MRT,Mauritania,Africa,1036870.5619476249,0.15765254860952344,83.0697790104803,15.37106471288075,0.00031705151889050576,1438.4230275976956,3518300.1,3.3931912324633235
MLI,Mali,Africa,1251750.9460133887,10.288512736538582,310.2338468997796,21.492577805930377,0.026498186191519384,751.829177602723,16401160.45,13.102574839056341
MYS,Malaysia,Asia,332956.00830993516,0.553102626188848,2960.11101234845,25.89443087525104,2.5293320001470065,8209.491788408835,28824144.55,86.57042921769046
MWI,Malawi,Africa,117253.1397712562,20.74200820012441,694.7392883389281,16.0264092259172,0.47948129701131065,508.7789362970868,15224913.35,129.84653016287314
MDG,Madagascar,Africa,582200.483164233,24.35734801296613,1458.4948239006915,22.42820044119273,1.5026831983820192,428.5161959396902,22663320.7,38.92700428008216
MKD,North Macedonia,Europe,25402.732993044134,1.4490439268507223,672.1989316942414,10.717771582672553,0.7845718294822703,4671.423444042345,1949970.1,76.76221690532068
LTU,Lithuania,Europe,66726.4431171451,0.5631403336558725,689.0802739098519,7.411112302934636,0.8962480537157509,12692.280397926157,3098791.05,46.44022527260677
LBY,Libya,Africa,1627369.0271648325,0.004229563946212951,31.967730598219283,16.41454109956381,0.0018821224719321262,9050.910408307474,6265704.85,3.850205297882544
LBR,Liberia,Africa,95208.12142082902,12.5052676811915,2463.224627450719,24.88747423012931,2.574000136344417,509.80364539936545,4085047.2,42.9064993514965
LSO,Lesotho,Africa,32282.920541950425,2.5394808025174234,803.5873715299936,12.897938037572725,1.6452279757924115,943.6996164385585,2047631.8,63.427712413416266
LBN,Lebanon,Asia,10265.269701875897,0.6532376760095495,656.4021682750127,16.11290009367417,0.540190938973139,6618.256932508593,5303722.5,516.6666491997562
LVA,Latvia,Europe,59158.56411547093,0.7662400657229115,683.1388036464299,6.791670697133017,0.9892201314180566,11878.384493954156,2099683.05,35.4924613434101
LAO,Laos,Asia,225568.15216632283,26.863278630364515,1834.7715959185643,23.93829599939779,2.25442922778702,1369.053641770574,6396331.95,28.35653831700346
KGZ,Kyrgyzstan,Asia,199139.64236012707,0.6246022572681605,452.6764679747901,1.5867120335664222,0.01791686054649625,904.2210727864594,5653662.2,28.39044066261721
KWT,Kuwait,Asia,21561.931472959604,0.0028580548855583194,112.75851473899777,26.828664132916398,2.683883379936697e-05,35711.16248117578,3131910.2,145.25183905382815
KEN,Kenya,Africa,596071.8221620058,1.563392208514219,665.7394799239054,24.229360514113974,0.4494575406863211,1125.4394799595423,42015177.4,70.48676994595583
KAZ,Kazakhstan,Asia,2714459.8540235143,4.755238868681175,230.81012683234397,5.910011937461637,0.009093921997247512,7506.294620987613,17175549.4,6.3274280422830715
JOR,Jordan,Asia,87093.03129942309,0.025814894194545454,102.367955939856,19.500150388927466,0.006584873607706454,3535.6216200976755,7854375.65,90.18374412755144
JPN,Japan,Asia,384269.6649775937,0.14374167276924815,1486.8552721617978,10.115884779775573,1.5514562581105216,39936.27566691219,127447900.0,331.66266196794726
JAM,Jamaica,North America,11742.376028488547,1.331637294619577,1548.7502899169922,18.867081324259445,1.8041016955336475,4817.701269398679,2745976.75,233.85188341251376
ITA,Italy,Europe,291833.95155226736,1.7133487742104783,788.9279224791784,12.224234675129999,0.8915545407784884,33000.882584791456,59172282.05,202.76010291215982
ISR,Israel,Asia,23681.330600437992,0.8446890203683618,274.5621087966209,19.292107384036836,0.19225830310699119,31419.88951549424,7741620.0,326.90815100806947
PSE,Palestine,Asia,7885.314809970464,0.6460356663837697,360.63793152338246,19.806070757329223,0.43474801099243904,2511.115259680134,3850797.6,488.35052154555945
IRL,Ireland,Europe,74099.66999891851,0.10059979438690739,1166.4368087307555,9.356913394821579,1.515325738461697,57005.156851210064,4497500.8,60.69528784764684
IRQ,Iraq,Asia,440310.2723072205,0.6422202430269086,180.63278277723302,23.827446275328825,0.0006247568645199488,3951.797480758915,32883267.15,74.68203496069277
IRN,Iran,Asia,1615789.4167953879,0.32013832851617796,193.30126118037248,17.188773510809,0.02506440171720203,4692.931567786637,77786402.05,48.14142315913579
IDN,Indonesia,Asia,1874805.1656972445,1.4968913369115853,2694.872602576716,24.518548091265757,2.5292390101081756,2623.0711256319437,247682889.35,132.11126888371152
IND,India,Asia,3161199.4702458684,5.093420353677614,1076.1270350552454,23.194369172664267,0.4350562532675336,1253.739535216265,1248470070.55,394.9355560447749
ISL,Iceland,Europe,99226.2850737994,0.00580200282992781,892.4259727202112,1.2114241013106182,0.2678493896607234,53672.89183511385,320020.15,3.22515500567199
HUN,Hungary,Europe,94513.37292796273,1.648264015128785,611.7015427263013,11.848137625310686,0.2674852158681911,12763.135710509108,9940614.6,105.17680505992152
HND,Honduras,North America,110497.72776940126,8.596836214076374,1873.5748170235865,23.815001848639934,2.371029418014464,1853.8996498877543,8446388.6,76.43947772054506
HTI,Haiti,North America,38014.543100302544,1.9727567967622128,1525.0671733945524,24.56108236880599,0.5422761952543124,1133.876604668916,9865630.6,259.52253520367793
GUY,Guyana,South America,206272.4531760272,0.9371849321591198,2359.1861268151647,24.951891287553543,3.0245528147771714,4142.920438033771,764027.3,3.703971559149492
GNB,Guinea-Bissau,Africa,33272.07838407854,29.570730091642602,1547.77710219851,24.977206081587422,0.4601996669511943,601.5214666470343,1607136.5,48.30285867470943
GIN,Guinea,Africa,234016.4625456999,62.86718904472029,1789.9297302158254,26.18272546409714,0.7424606737564399,693.8261867478343,10675728.45,45.61956169179845
GTM,Guatemala,North America,118912.09470764111,10.965820700250676,2156.33099000847,22.947177867799258,2.3709761747986895,3044.548064780336,14668655.7,123.35713819577862
GRC,Greece,Europe,131765.62802508555,1.5898981006572022,591.5383961058762,12.286821514193889,0.42925538418031783,21494.947031568296,10926092.15,82.92065475466705
GHA,Ghana,Africa,235567.9328296211,55.92172759940595,1102.0755608271852,25.66098080231982,0.6587476712362935,1338.792819164926,25894206.4,109.92245883792879
DEU,Germany,Europe,364989.3417944035,0.1454649594673556,736.454695088667,9.710197777804254,0.2267561956526638,41161.09017632519,82048562.15,224.79714543614676
GEO,Georgia,Asia,68855.7846563572,1.2482808013673772,1082.2101508809292,8.585890034757997,1.2491910299205309,3218.0801448594875,3811855.45,55.35998854742651
GMB,Gambia,Africa,12028.867456240574,25.81533909356484,1039.7125858135153,27.60285304612476,0.05597558130626088,641.052712216426,1975576.85,164.23631378322912
GAB,Gabon,Africa,259564.51870697437,2.1619297902649364,1861.7965768865536,24.69656435581817,2.748684735225179,7247.275366377349,1779822.6,6.85695644715318
FRA,France,Europe,629632.0718576038,0.25855216211043114,1051.8809836886185,13.19585985602294,0.9556550011694263,37706.1699000185,64935110.7,103.13183461004759
NCL,New Caledonia,Oceania,17265.023805295314,0.2210272459782393,1371.008651682156,18.332134648053206,2.024679852509564,30727.682218902803,262523.25,15.205495976175957
FIN,Finland,Europe,327474.9411330883,0.1074148688678456,564.7185923943716,2.25469017753629,0.5224135242429739,43822.418106222576,5369947.35,16.398040507831137
FJI,Fiji,Oceania,11815.375882046636,4.2307814658549665,1303.4099987719246,11.653154190719492,1.4156156511950875,4106.309808650366,900265.95,76.19444010815995
ETH,Ethiopia,Africa,1123397.1489188953,10.558927102938258,834.4195120709772,23.61741242112067,0.7564870359756805,410.3196037686462,92668561.25,82.4895820139653
EST,Estonia,Europe,43386.879369972725,0.26840047527924316,646.3965906431398,5.884740694598112,1.0014535381214793,15859.015337905628,1337786.75,30.833901156898094
ERI,Eritrea,Africa,119256.88564323593,0.3570175300410033,261.76260776535287,27.121033350297015,0.04287080580746445,464.4134682776884,2893220.15,24.26040336702436
GNQ,Equatorial Guinea,Africa,27804.37391608789,1.0474722903520142,2163.3750047654516,21.211828418950617,2.991619276105819,10002.254799126273,1224377.5,44.03542779618436
SLV,El Salvador,North America,21017.22957534909,6.115816865898809,1650.3257960090173,25.038057465473948,0.6778364315509408,3191.680332167837,6095110.5,290.0054204645934
EGY,Egypt,Africa,1000291.2733485606,0.1457260084371132,12.475851021262748,21.6362494958788,0.004124869177938513,2228.8421386605864,91173345.85,91.14679721716398
ECU,Ecuador,South America,262584.03757695766,1.6333037656356146,2054.5177320163884,19.319764351174186,2.4886612956464185,4527.747605270807,15198816.3,57.881722134558764
DOM,Dominican Republic,North America,46778.75143489979,3.0151692315734384,1433.9278515815595,22.566370860696576,1.42934201481892,5397.221006398713,9881568.3,211.24053115765187
DJI,Djibouti,Africa,21178.071676084095,0.004058133341514237,224.15068388474006,28.489073492266648,0.005103725655876886,1607.730452352842,939596.65,44.36648739181786
GRL,Greenland,North America,2154986.4562952993,0.0006412783136612039,20.167472760179376,-0.12009708910117509,1.1967176448607686e-06,41900.38233645557,56481.9,0.026209863099139703
DNK,Denmark,Europe,46789.12846232062,0.2824299689145187,666.8590271539238,8.165597163679255,0.29491130887066075,54148.14789962971,5572441.9,119.09693732567595
CZE,Czechia,Europe,75952.53117477655,0.1861605266595123,672.15648414103,8.811597584494718,0.6581587151509397,17875.724790180535,10430474.75,137.3288630236448
CUB,Cuba,North America,112015.84902815042,7.000184788309052,1348.2230008049007,24.99741245973556,0.8834774981005588,5973.501075522472,11253273.35,100.46143869491154
HRV,Croatia,Europe,61023.471774887556,1.676250761143882,1073.744111037489,11.984489445530155,1.213767830709311,12532.239801673926,4209026.45,68.9738936114104
CIV,Ivory Coast,Africa,336865.1603473455,33.47400978875543,1289.689845289442,26.818446300955674,0.8570590581665951,1584.6152085867757,23032924.3,68.37431415065448
CRI,Costa Rica,North America,48698.64550190105,2.7011605052257592,2952.672783161671,23.939847048916796,2.816777710120867,8503.928874145264,4561454.4,93.66696656525971
COD,Democratic Republic of the Congo,Africa,2354662.557992154,30.58079144648978,1467.7111175786702,24.261773554547513,2.1286025402677446,351.2008466948722,71440845.1,30.340162694445006
COG,Republic of the Congo,Africa,339699.7621356264,14.248596426598862,1616.1520981530566,24.954909024896484,2.0209366101942194,2329.4825979257826,4485636.2,13.204708098114867
COL,Colombia,South America,1154455.3816255606,2.862259600301783,2591.1526881517343,24.495221156485186,2.5747772881409503,5426.618966941409,44958552.95,38.94351714718932
CHN,China,Asia,9365719.94005827,1.1154429536710395,592.9719033926161,7.384309032502166,0.5010697317435079,5363.112641870794,1344138250.0,143.51681009069733
CHL,Chile,South America,726817.1313187999,1.0948507117677517,764.8377523894325,8.992251377710005,0.7978921674758679,11281.466765699175,17353549.7,23.876087879921347
TCD,Chad,Africa,1281661.897517996,12.491924804012701,326.8655877481418,22.588917680357323,0.009734568985331404,894.1494910369031,12721210.3,9.925558624029689
CAF,Central African Republic,Africa,623159.8319692349,56.477866891777964,1369.426567400588,26.738615902276536,1.5966631913087355,393.58373991461315,4517980.65,7.250115328715621
CAN,Canada,North America,9903128.403031353,0.3573840711296043,499.54314972920054,-1.8000477407383022,0.37276382247861395,42059.08741119305,34259760.25,3.459488643963565
CMR,Cameroon,Africa,460900.5437845433,23.68277448122447,1597.247501554668,24.818599926537583,2.0056738768493,1345.0684068517467,20260507.6,43.95852396622721
KHM,Cambodia,Asia,189941.06466855618,31.052838190666858,1792.4992777014083,26.515732796913664,1.8155158142717567,1124.237802276233,14641290.7,77.0833349046916
MMR,Myanmar,Asia,658970.7424622956,22.071779043090025,2037.0634532412012,23.792199225251522,1.7151918426613546,846.5732110244735,49388733.15,74.94829431342451
BDI,Burundi,Africa,30855.419340420864,12.351565015197057,1108.1311730001073,18.781607139635323,0.6443939515116468,199.11493081988385,9490524.85,307.58048514243757
BFA,Burkina Faso,Africa,262694.93843509466,20.923302315811515,816.6995451820147,29.60621522506418,0.143278523207776,596.0142821422545,16623525.1,63.2807209725027
BGR,Bulgaria,Europe,111214.42998519284,4.43744605412256,669.3722791835196,11.446302027642503,0.6981382895664453,6565.156426607267,7296213.5,65.60491746414043
BRA,Brazil,South America,8524625.945010588,4.135141907206826,1775.545808509025,25.727985732527518,1.8344292101259254,8192.923131277155,193834507.55,22.7381833291407
BWA,Botswana,Africa,589053.9978950243,4.8236782747366345,396.8860594082754,23.27871415109019,0.001022668549364597,5854.721537723524,2041801.95,3.4662390159414063
BIH,Bosnia and Herzegovina,Europe,48802.85171662591,1.5291206686095071,1108.535204698961,10.327819702163756,1.1585102703447427,4217.994334760241,3776932.8,77.39164141330892
BOL,Bolivia,South America,1082094.9639552238,4.472482529060549,1119.7813764196967,20.484512407519695,1.531755470436281,2273.473048841358,10272877.8,9.493508557188964
BTN,Bhutan,Asia,35649.12576405497,1.1254327473963648,1757.9629763979317,6.319666019509608,1.5170698312536444,2273.468050027363,701958.1,19.690752156053843
BEN,Benin,Africa,118834.64188953157,46.0478030057921,1024.0075478053243,28.167481792668724,0.6171257772864828,954.3692863326676,10065530.3,84.7019870633085
BLZ,Belize,North America,17703.010960158117,5.903466248787579,2053.6294537651024,25.08387141312288,2.2552139046699717,5601.253403581325,322207.7,18.200728719264273
BEL,Belgium,Europe,33309.00228808457,0.2355308272529519,917.6971071868846,10.794054259929352,0.20419400770491827,41292.657889359616,10921001.3,327.86936112783854
BLR,Belarus,Europe,207411.00694905766,1.6353875909825264,650.7318237200291,7.551231899525444,0.7395439066513287,5137.402655007156,9554766.6,46.0668251919087
BGD,Bangladesh,Asia,130078.68191478681,3.101006581344294,2028.5780723528326,25.817259894455965,0.5581173736238988,1000.3691140353234,152577367.9,1172.9621307198659
BHS,The Bahamas,North America,8476.063916924133,0.5877355365348843,427.5437588961577,8.322006147808137,0.4308562961953737,28777.30443237877,366222.55,43.20667630511427
AZE,Azerbaijan,Asia,87299.70224821764,3.493099565205409,512.4449472407392,12.225799686532524,0.3712436225081065,4271.112876051807,9089276.6,104.11578007627823
AUT,Austria,Europe,81370.06329056254,0.06668612002796616,1129.6399237373676,6.986695354520343,0.8161752666414048,43881.34125572785,8444993.5,103.78501820557717
AUS,Australia,Oceania,7718923.581156114,7.092387891577579,487.46400193866634,22.47314992843268,0.18196200687110672,47013.503441855064,22253776.5,2.8830155223102887
ARM,Armenia,Asia,30686.18287560466,1.7943453423798674,501.2402082626058,6.525534045547495,0.43290570265212364,2898.849650647858,3064745.0,99.87377747254628
ARG,Argentina,South America,2792275.729950954,2.8273555678085347,603.2486402257898,15.15071651768478,0.6329106592891134,9237.886011036815,41515157.5,14.867857444984205
AGO,Angola,Africa,1257156.8943940552,42.70063851509097,1035.5067693105832,22.91396231478138,0.7632631397853983,3148.2058752463654,24270702.85,19.306025332421523
DZA,Algeria,Africa,2331732.1288375687,0.09170665088786455,70.4071646578309,13.259527493514307,0.039284762900259715,4240.154360363499,36993696.9,15.865328801058444
ALB,Albania,Europe,27956.426975700328,1.9671049605808342,1149.0887799293303,12.939505548065139,1.1623604926879347,3965.3711026157553,2853463.8,102.0682579530004
AFG,Afghanistan,Asia,646961.405072873,0.055570298571198815,138.15712628186355,10.77256960487379,0.0037719258043475055,433.4716220485748,29406993.55,45.45401521546348
